,First_Timestamp,Last_Timestamp,Time_diff
0,2024-01-19 03:16:53,2024-01-22 12:41:49,3 days 09:24:56
1,2024-01-22 13:08:49,2024-01-22 13:29:47,0 days 00:20:58
2,2024-01-22 13:50:49,2024-01-23 02:38:59,0 days 12:48:10
3,2024-01-23 03:57:54,2024-01-23 04:00:55,0 days 00:03:01
4,2024-01-23 04:25:58,2024-01-23 09:52:02,0 days 05:26:04
5,2024-01-23 10:24:22,2024-01-25 07:41:31,1 days 21:17:09
6,2024-01-25 13:15:59,2024-01-25 13:24:02,0 days 00:08:03
7,2024-01-26 10:18:59,2024-01-26 10:31:21,0 days 00:12:22
8,2024-01-26 10:34:04,2024-01-26 10:40:16,0 days 00:06:12
9,2024-01-26 10:51:59,2024-01-26 11:04:10,0 days 00:12:11
10,2024-01-26 11:57:59,2024-01-26 12:01:21,0 days 00:03:22
11,2024-01-26 12:10:00,2024-01-26 12:22:20,0 days 00:12:20
12,2024-01-26 12:28:02,2024-01-26 12:34:15,0 days 00:06:13
13,2024-01-26 12:37:01,2024-01-26 12:40:16,0 days 00:03:15
14,2024-01-26 12:45:59,2024-01-26 13:01:16,0 days 00:15:17
15,2024-01-26 13:10:02,2024-01-26 13:13:07,0 days 00:03:05
16,2024-01-26 13:31:09,2024-01-26 13:36:20,0 days 00:05:11
17,2024-01-26 13:55:02,2024-01-26 14:01:02,0 days 00:06:00
18,2024-01-26 14:10:00,2024-01-26 14:16:06,0 days 00:06:06
19,2024-01-26 14:31:00,2024-01-26 14:34:04,0 days 00:03:04
20,2024-01-26 19:48:59,2024-01-26 19:53:00,0 days 00:04:01
21,2024-01-26 21:16:01,2024-01-26 21:33:46,0 days 00:17:45
22,2024-01-26 21:37:02,2024-01-26 21:43:02,0 days 00:06:00
23,2024-01-26 22:18:52,2024-01-26 22:22:01,0 days 00:03:09
24,2024-01-26 22:52:03,2024-01-26 22:58:03,0 days 00:06:00
25,2024-01-27 01:15:58,2024-01-27 01:31:34,0 days 00:15:36
26,2024-01-27 01:34:03,2024-01-27 01:52:39,0 days 00:18:36
27,2024-01-27 02:01:37,2024-01-27 02:52:02,0 days 00:50:25
28,2024-01-27 03:07:01,2024-01-27 04:47:49,0 days 01:40:48
29,2024-01-27 04:50:45,2024-01-27 05:32:45,0 days 00:42:00
30,2024-01-27 05:42:54,2024-01-27 05:57:55,0 days 00:15:01
31,2024-01-27 06:01:02,2024-01-27 06:33:55,0 days 00:32:53
32,2024-01-27 06:36:51,2024-01-27 07:03:51,0 days 00:27:00
33,2024-01-27 07:07:02,2024-01-27 07:12:58,0 days 00:05:56
34,2024-01-27 07:16:02,2024-01-27 07:18:56,0 days 00:02:54
35,2024-01-27 07:22:02,2024-01-27 08:06:58,0 days 00:44:56
36,2024-01-27 08:16:02,2024-01-27 08:18:53,0 days 00:02:51
37,2024-01-27 08:22:02,2024-01-27 08:45:36,0 days 00:23:34
38,2024-01-27 08:52:05,2024-01-27 08:56:36,0 days 00:04:31
39,2024-01-27 09:01:01,2024-01-27 09:26:39,0 days 00:25:38
40,2024-01-27 09:31:01,2024-01-27 09:41:43,0 days 00:10:42
41,2024-01-27 09:52:03,2024-01-27 09:59:28,0 days 00:07:25
42,2024-01-27 10:07:03,2024-01-27 11:26:43,0 days 01:19:40
43,2024-01-27 11:34:03,2024-01-27 12:38:39,0 days 01:04:36
44,2024-01-27 13:01:03,2024-01-27 13:08:05,0 days 00:07:02
45,2024-01-27 13:31:30,2024-01-27 13:52:14,0 days 00:20:44
46,2024-01-27 14:13:17,2024-01-27 18:31:21,0 days 04:18:04
47,2024-01-27 18:52:20,2024-01-27 19:13:19,0 days 00:20:59
48,2024-01-27 19:34:03,2024-01-27 23:46:21,0 days 04:12:18
49,2024-01-28 00:07:01,2024-01-28 05:04:25,0 days 04:57:24
50,2024-01-28 05:28:26,2024-01-28 07:40:25,0 days 02:11:59
51,2024-01-28 08:07:22,2024-01-28 09:10:22,0 days 01:03:00
52,2024-01-28 09:31:05,2024-01-28 09:52:23,0 days 00:21:18
53,2024-01-28 10:34:03,2024-01-28 10:58:26,0 days 00:24:23
54,2024-01-28 11:22:21,2024-01-28 11:46:26,0 days 00:24:05
55,2024-01-28 12:10:22,2024-01-28 13:19:24,0 days 01:09:02
56,2024-01-28 14:04:03,2024-01-28 21:13:28,0 days 07:09:25
57,2024-01-28 21:40:30,2024-01-29 02:19:26,0 days 04:38:56
58,2024-01-29 02:40:26,2024-01-29 03:01:31,0 days 00:21:05
59,2024-01-29 03:25:27,2024-01-29 04:49:31,0 days 01:24:04
60,2024-01-29 05:10:29,2024-01-29 05:52:28,0 days 00:41:59
61,2024-01-29 06:13:34,2024-01-29 06:37:35,0 days 00:24:01
62,2024-01-29 07:19:30,2024-01-29 07:40:34,0 days 00:21:04
63,2024-01-29 08:22:34,2024-01-29 09:28:33,0 days 01:05:59
64,2024-01-29 09:49:33,2024-01-29 10:10:31,0 days 00:20:58
65,2024-01-29 10:52:32,2024-01-29 11:13:34,0 days 00:21:02
66,2024-01-29 11:58:28,2024-01-29 12:43:33,0 days 00:45:05
67,2024-01-29 13:04:31,2024-01-29 22:25:35,0 days 09:21:04
68,2024-01-29 22:46:35,2024-01-30 01:01:36,0 days 02:15:01
69,2024-01-30 02:04:39,2024-01-30 04:58:40,0 days 02:54:01
70,2024-01-30 05:43:38,2024-01-30 06:58:29,0 days 01:14:51
71,2024-01-30 07:19:38,2024-01-30 09:34:34,0 days 02:14:56
72,2024-01-30 10:16:40,2024-01-30 12:31:39,0 days 02:14:59
73,2024-01-30 12:52:37,2024-01-30 17:37:41,0 days 04:45:04
74,2024-01-30 17:58:40,2024-01-30 20:28:44,0 days 02:30:04
75,2024-01-30 20:52:41,2024-01-30 23:01:42,0 days 02:09:01
76,2024-01-30 23:43:40,2024-01-31 00:04:42,0 days 00:21:02
77,2024-01-31 00:25:42,2024-01-31 03:52:43,0 days 03:27:01
78,2024-01-31 04:19:14,2024-01-31 04:31:09,0 days 00:11:55
79,2024-01-31 04:55:49,2024-01-31 06:46:31,0 days 01:50:42
80,2024-01-31 07:10:13,2024-01-31 08:16:08,0 days 01:05:55
81,2024-01-31 08:37:11,2024-01-31 09:03:22,0 days 00:26:11
82,2024-01-31 09:25:12,2024-01-31 10:36:25,0 days 01:11:13
83,2024-01-31 11:19:11,2024-01-31 14:39:18,0 days 03:20:07
84,2024-01-31 15:00:15,2024-01-31 18:22:40,0 days 03:22:25
85,2024-01-31 18:52:08,2024-01-31 21:58:35,0 days 03:06:27
86,2024-01-31 22:21:46,2024-02-01 00:18:48,0 days 01:57:02
87,2024-02-01 00:40:11,2024-02-01 02:54:52,0 days 02:14:41
88,2024-02-01 03:18:54,2024-02-01 04:48:54,0 days 01:30:00
89,2024-02-01 05:12:53,2024-02-01 15:24:55,0 days 10:12:02
90,2024-02-01 15:48:52,2024-02-01 17:42:55,0 days 01:54:03
91,2024-02-01 18:03:55,2024-02-01 19:51:57,0 days 01:48:02
92,2024-02-01 20:12:59,2024-02-01 22:06:57,0 days 01:53:58
93,2024-02-01 22:27:52,2024-02-02 01:03:58,0 days 02:36:06
94,2024-02-02 01:24:57,2024-02-02 01:48:56,0 days 00:23:59
95,2024-02-02 02:12:59,2024-02-02 03:15:59,0 days 01:03:00
96,2024-02-02 03:57:55,2024-02-02 06:09:58,0 days 02:12:03
97,2024-02-02 06:30:59,2024-02-02 06:51:56,0 days 00:20:57
98,2024-02-02 07:12:57,2024-02-02 09:03:58,0 days 01:51:01
99,2024-02-02 09:27:55,2024-02-02 12:34:15,0 days 03:06:20
100,2024-02-02 13:01:17,2024-02-02 15:49:40,0 days 02:48:23
101,2024-02-02 16:16:15,2024-02-02 17:00:33,0 days 00:44:18
102,2024-02-02 17:04:13,2024-02-02 17:19:20,0 days 00:15:07
103,2024-02-02 17:22:16,2024-02-02 17:25:25,0 days 00:03:09
104,2024-02-02 17:31:13,2024-02-02 18:00:16,0 days 00:29:03
105,2024-02-02 18:04:17,2024-02-02 19:24:18,0 days 01:20:01
106,2024-02-02 19:28:16,2024-02-02 20:04:13,0 days 00:35:57
107,2024-02-02 20:31:16,2024-02-02 20:41:47,0 days 00:10:31
108,2024-02-02 20:49:16,2024-02-02 21:11:46,0 days 00:22:30
109,2024-02-02 21:37:16,2024-02-02 21:39:18,0 days 00:02:02
110,2024-02-02 21:44:20,2024-02-02 22:35:23,0 days 00:51:03
111,2024-02-02 22:38:22,2024-02-02 23:40:15,0 days 01:01:53
112,2024-02-03 00:25:16,2024-02-03 00:33:44,0 days 00:08:28
113,2024-02-03 00:55:16,2024-02-03 01:07:14,0 days 00:11:58
114,2024-02-03 01:43:17,2024-02-03 02:04:59,0 days 00:21:42
115,2024-02-03 02:31:14,2024-02-03 03:58:14,0 days 01:27:00
116,2024-02-03 04:10:19,2024-02-03 04:34:19,0 days 00:24:00
117,2024-02-03 04:40:15,2024-02-03 04:49:17,0 days 00:09:02
118,2024-02-03 04:52:16,2024-02-03 05:13:21,0 days 00:21:05
119,2024-02-03 05:19:15,2024-02-03 05:46:18,0 days 00:27:03
120,2024-02-03 06:04:17,2024-02-03 06:28:18,0 days 00:24:01
121,2024-02-03 06:31:16,2024-02-03 09:28:14,0 days 02:56:58
122,2024-02-03 09:46:15,2024-02-03 10:04:19,0 days 00:18:04
123,2024-02-03 10:13:31,2024-02-03 10:40:15,0 days 00:26:44
124,2024-02-03 10:46:15,2024-02-03 11:01:21,0 days 00:15:06
125,2024-02-03 11:10:16,2024-02-03 11:34:15,0 days 00:23:59
126,2024-02-03 11:40:17,2024-02-03 11:45:32,0 days 00:05:15
127,2024-02-03 11:49:17,2024-02-03 11:54:33,0 days 00:05:16
128,2024-02-03 12:10:14,2024-02-03 12:25:41,0 days 00:15:27
129,2024-02-03 13:01:16,2024-02-03 13:35:23,0 days 00:34:07
130,2024-02-03 14:57:14,2024-02-03 15:23:09,0 days 00:25:55
131,2024-02-03 18:19:14,2024-02-03 18:33:12,0 days 00:13:58
132,2024-02-03 18:55:18,2024-02-03 19:03:11,0 days 00:07:53
133,2024-02-03 19:29:57,2024-02-03 19:32:51,0 days 00:02:54
134,2024-02-03 20:31:16,2024-02-03 20:34:23,0 days 00:03:07
135,2024-02-03 21:01:16,2024-02-03 21:37:20,0 days 00:36:04
136,2024-02-03 22:24:38,2024-02-03 22:45:40,0 days 00:21:02
137,2024-02-04 00:37:15,2024-02-04 00:58:14,0 days 00:20:59
138,2024-02-04 02:01:17,2024-02-04 02:04:39,0 days 00:03:22
139,2024-02-04 02:19:17,2024-02-04 03:17:48,0 days 00:58:31
140,2024-02-04 03:38:43,2024-02-04 05:15:52,0 days 01:37:09
141,2024-02-04 05:31:22,2024-02-04 05:35:28,0 days 00:04:06
142,2024-02-04 06:13:17,2024-02-04 09:46:57,0 days 03:33:40
143,2024-02-04 11:04:17,2024-02-04 11:54:35,0 days 00:50:18
144,2024-02-04 12:19:19,2024-02-04 12:40:41,0 days 00:21:22
145,2024-02-04 12:43:47,2024-02-04 13:40:19,0 days 00:56:32
146,2024-02-04 14:16:17,2024-02-04 14:37:02,0 days 00:20:45
147,2024-02-04 14:43:18,2024-02-04 14:53:10,0 days 00:09:52
148,2024-02-04 14:55:21,2024-02-04 15:48:29,0 days 00:53:08
149,2024-02-04 15:52:19,2024-02-04 16:42:42,0 days 00:50:23
150,2024-02-04 16:55:22,2024-02-04 17:13:23,0 days 00:18:01
151,2024-02-04 17:28:20,2024-02-04 17:57:08,0 days 00:28:48
152,2024-02-04 18:07:17,2024-02-04 18:16:20,0 days 00:09:03
153,2024-02-04 18:31:18,2024-02-04 19:35:13,0 days 01:03:55
154,2024-02-04 19:46:17,2024-02-04 19:58:17,0 days 00:12:00
155,2024-02-04 20:31:17,2024-02-04 20:43:00,0 days 00:11:43
156,2024-02-04 20:49:21,2024-02-04 21:18:29,0 days 00:29:08
157,2024-02-04 22:04:23,2024-02-04 22:13:24,0 days 00:09:01
158,2024-02-04 22:34:20,2024-02-04 23:03:25,0 days 00:29:05
159,2024-02-04 23:07:23,2024-02-04 23:28:18,0 days 00:20:55
160,2024-02-05 00:14:37,2024-02-05 00:50:43,0 days 00:36:06
161,2024-02-05 01:16:23,2024-02-05 01:18:45,0 days 00:02:22
162,2024-02-05 01:43:26,2024-02-05 01:53:23,0 days 00:09:57
163,2024-02-05 02:07:19,2024-02-05 02:30:51,0 days 00:23:32
164,2024-02-05 02:34:18,2024-02-05 02:43:20,0 days 00:09:02
165,2024-02-05 02:55:19,2024-02-05 03:37:31,0 days 00:42:12
166,2024-02-05 03:55:25,2024-02-05 04:40:33,0 days 00:45:08
167,2024-02-05 05:16:20,2024-02-05 07:07:48,0 days 01:51:28
168,2024-02-05 08:07:19,2024-02-05 08:22:22,0 days 00:15:03
169,2024-02-05 08:43:22,2024-02-05 09:04:39,0 days 00:21:17
170,2024-02-05 09:10:19,2024-02-05 09:16:02,0 days 00:05:43
171,2024-02-05 09:22:19,2024-02-05 09:25:20,0 days 00:03:01
172,2024-02-05 09:37:19,2024-02-05 09:40:18,0 days 00:02:59
173,2024-02-05 09:55:19,2024-02-05 12:10:17,0 days 02:14:58
174,2024-02-05 12:34:21,2024-02-05 12:45:33,0 days 00:11:12
175,2024-02-05 13:37:21,2024-02-05 13:45:19,0 days 00:07:58
176,2024-02-05 14:38:40,2024-02-05 15:02:46,0 days 00:24:06
177,2024-02-05 15:44:41,2024-02-05 16:02:52,0 days 00:18:11
178,2024-02-05 16:31:20,2024-02-05 16:45:54,0 days 00:14:34
179,2024-02-05 17:16:22,2024-02-05 17:48:50,0 days 00:32:28
180,2024-02-05 17:55:21,2024-02-05 18:15:31,0 days 00:20:10
181,2024-02-05 18:49:19,2024-02-05 19:16:42,0 days 00:27:23
182,2024-02-05 19:25:20,2024-02-05 19:57:09,0 days 00:31:49
183,2024-02-05 20:46:19,2024-02-05 21:07:24,0 days 00:21:05
184,2024-02-05 21:34:18,2024-02-05 22:40:27,0 days 01:06:09
185,2024-02-06 00:07:21,2024-02-06 00:21:20,0 days 00:13:59
186,2024-02-06 01:07:25,2024-02-06 01:16:22,0 days 00:08:57
187,2024-02-06 01:34:20,2024-02-06 01:58:23,0 days 00:24:03
188,2024-02-06 02:13:20,2024-02-06 02:22:20,0 days 00:09:00
189,2024-02-06 02:34:24,2024-02-06 02:40:20,0 days 00:05:56
190,2024-02-06 02:58:24,2024-02-06 03:28:23,0 days 00:29:59
191,2024-02-06 03:55:26,2024-02-06 05:59:23,0 days 02:03:57
192,2024-02-06 06:04:19,2024-02-06 06:29:24,0 days 00:25:05
193,2024-02-06 06:38:22,2024-02-06 08:31:25,0 days 01:53:03
194,2024-02-06 08:40:20,2024-02-06 09:33:43,0 days 00:53:23
195,2024-02-06 09:37:21,2024-02-06 09:40:22,0 days 00:03:01
196,2024-02-06 09:46:22,2024-02-06 10:16:21,0 days 00:29:59
197,2024-02-06 10:31:22,2024-02-06 10:49:23,0 days 00:18:01
198,2024-02-06 10:58:21,2024-02-06 11:22:19,0 days 00:23:58
199,2024-02-06 11:34:21,2024-02-06 11:47:56,0 days 00:13:35
200,2024-02-06 11:52:22,2024-02-06 12:16:25,0 days 00:24:03
201,2024-02-06 12:28:23,2024-02-06 12:45:13,0 days 00:16:50
202,2024-02-06 12:52:22,2024-02-06 13:31:41,0 days 00:39:19
203,2024-02-06 14:04:19,2024-02-06 14:16:21,0 days 00:12:02
204,2024-02-06 14:25:22,2024-02-06 15:18:33,0 days 00:53:11
205,2024-02-06 15:34:21,2024-02-06 15:41:31,0 days 00:07:10
206,2024-02-06 16:06:16,2024-02-06 16:18:19,0 days 00:12:03
207,2024-02-06 17:49:37,2024-02-06 18:33:15,0 days 00:43:38
208,2024-02-06 21:36:13,2024-02-06 21:57:15,0 days 00:21:02
209,2024-02-07 00:11:49,2024-02-07 00:53:51,0 days 00:42:02
210,2024-02-07 01:14:46,2024-02-07 01:35:48,0 days 00:21:02
211,2024-02-07 03:09:42,2024-02-07 03:27:35,0 days 00:17:53
212,2024-02-07 04:04:24,2024-02-07 04:06:47,0 days 00:02:23
213,2024-02-07 05:58:24,2024-02-07 06:10:59,0 days 00:12:35
214,2024-02-07 06:43:11,2024-02-07 07:31:13,0 days 00:48:02
215,2024-02-07 11:34:23,2024-02-07 11:38:45,0 days 00:04:22
216,2024-02-07 12:02:44,2024-02-07 12:10:11,0 days 00:07:27
217,2024-02-07 12:28:28,2024-02-07 12:50:40,0 days 00:22:12
218,2024-02-07 12:56:42,2024-02-07 13:05:43,0 days 00:09:01
219,2024-02-07 13:08:43,2024-02-07 13:44:45,0 days 00:36:02
220,2024-02-07 15:40:25,2024-02-07 15:47:27,0 days 00:07:02
221,2024-02-07 16:55:26,2024-02-07 17:20:28,0 days 00:25:02
222,2024-02-07 18:07:24,2024-02-07 18:10:25,0 days 00:03:01
223,2024-02-07 18:13:23,2024-02-07 18:34:23,0 days 00:21:00
224,2024-02-07 19:52:59,2024-02-07 20:34:05,0 days 00:41:06
225,2024-02-07 21:10:26,2024-02-07 21:14:06,0 days 00:03:40
226,2024-02-07 21:41:33,2024-02-07 21:51:57,0 days 00:10:24
227,2024-02-07 23:07:21,2024-02-07 23:15:45,0 days 00:08:24
228,2024-02-07 23:37:23,2024-02-07 23:40:30,0 days 00:03:07
229,2024-02-08 01:49:27,2024-02-08 02:19:09,0 days 00:29:42
230,2024-02-08 04:04:24,2024-02-08 04:06:28,0 days 00:02:04
231,2024-02-08 04:10:26,2024-02-08 04:15:27,0 days 00:05:01
232,2024-02-08 04:58:44,2024-02-08 06:01:45,0 days 01:03:01
233,2024-02-08 06:40:23,2024-02-08 06:57:43,0 days 00:17:20
234,2024-02-08 07:55:30,2024-02-08 08:52:07,0 days 00:56:37
235,2024-02-08 09:51:21,2024-02-08 10:22:43,0 days 00:31:22
236,2024-02-08 11:01:24,2024-02-08 11:15:39,0 days 00:14:15
237,2024-02-08 11:45:01,2024-02-08 12:30:28,0 days 00:45:27
238,2024-02-08 13:31:07,2024-02-08 13:39:21,0 days 00:08:14
239,2024-02-08 14:43:32,2024-02-08 15:31:56,0 days 00:48:24
240,2024-02-08 16:30:02,2024-02-08 16:34:06,0 days 00:04:04
241,2024-02-08 17:11:42,2024-02-08 17:22:39,0 days 00:10:57
242,2024-02-08 19:02:23,2024-02-08 20:05:23,0 days 01:03:00
243,2024-02-08 20:26:23,2024-02-08 21:18:56,0 days 00:52:33
244,2024-02-08 21:52:33,2024-02-08 22:07:35,0 days 00:15:02
245,2024-02-08 23:01:24,2024-02-08 23:06:29,0 days 00:05:05
246,2024-02-08 23:40:30,2024-02-09 00:24:44,0 days 00:44:14
247,2024-02-09 01:27:13,2024-02-09 02:43:58,0 days 01:16:45
248,2024-02-09 02:52:29,2024-02-09 02:54:42,0 days 00:02:13
249,2024-02-09 02:58:27,2024-02-09 03:11:37,0 days 00:13:10
250,2024-02-09 03:16:25,2024-02-09 03:52:29,0 days 00:36:04
251,2024-02-09 03:58:27,2024-02-09 04:04:26,0 days 00:05:59
252,2024-02-09 04:31:27,2024-02-09 04:49:51,0 days 00:18:24
253,2024-02-09 05:16:27,2024-02-09 05:28:29,0 days 00:12:02
254,2024-02-09 06:29:14,2024-02-09 06:55:17,0 days 00:26:03
255,2024-02-09 07:43:26,2024-02-09 07:47:40,0 days 00:04:14
256,2024-02-09 08:10:25,2024-02-09 08:15:40,0 days 00:05:15
257,2024-02-09 08:22:27,2024-02-09 08:30:46,0 days 00:08:19
258,2024-02-09 08:37:31,2024-02-09 08:41:48,0 days 00:04:17
259,2024-02-09 08:55:25,2024-02-09 08:59:57,0 days 00:04:32
260,2024-02-09 09:13:31,2024-02-09 09:31:30,0 days 00:17:59
261,2024-02-09 09:34:28,2024-02-09 09:47:12,0 days 00:12:44
262,2024-02-09 09:55:27,2024-02-09 10:46:27,0 days 00:51:00
263,2024-02-09 11:22:28,2024-02-09 11:34:30,0 days 00:12:02
264,2024-02-09 12:46:29,2024-02-09 13:04:27,0 days 00:17:58
265,2024-02-09 14:11:11,2024-02-09 16:20:40,0 days 02:09:29
266,2024-02-09 16:25:28,2024-02-09 17:34:26,0 days 01:08:58
267,2024-02-09 18:07:28,2024-02-09 18:09:41,0 days 00:02:13
268,2024-02-09 19:49:39,2024-02-09 21:49:35,0 days 01:59:56
269,2024-02-09 22:13:40,2024-02-09 22:45:43,0 days 00:32:03
270,2024-02-09 23:34:29,2024-02-09 23:44:34,0 days 00:10:05
271,2024-02-10 00:22:30,2024-02-10 01:09:17,0 days 00:46:47
272,2024-02-10 01:31:30,2024-02-10 01:43:48,0 days 00:12:18
273,2024-02-10 02:03:47,2024-02-10 02:16:29,0 days 00:12:42
274,2024-02-10 02:32:11,2024-02-10 02:52:31,0 days 00:20:20
275,2024-02-10 03:04:27,2024-02-10 03:10:27,0 days 00:06:00
276,2024-02-10 03:19:27,2024-02-10 03:22:27,0 days 00:03:00
277,2024-02-10 03:31:30,2024-02-10 03:51:58,0 days 00:20:28
278,2024-02-10 03:58:27,2024-02-10 04:16:47,0 days 00:18:20
279,2024-02-10 04:52:27,2024-02-10 05:20:44,0 days 00:28:17
280,2024-02-10 05:43:34,2024-02-10 06:00:44,0 days 00:17:10
281,2024-02-10 06:04:27,2024-02-10 06:06:42,0 days 00:02:15
282,2024-02-10 06:15:47,2024-02-10 06:30:43,0 days 00:14:56
283,2024-02-10 06:33:44,2024-02-10 06:39:45,0 days 00:06:01
284,2024-02-10 06:43:31,2024-02-10 06:51:48,0 days 00:08:17
285,2024-02-10 07:00:42,2024-02-10 07:06:41,0 days 00:05:59
286,2024-02-10 08:04:28,2024-02-10 08:47:40,0 days 00:43:12
287,2024-02-10 09:31:28,2024-02-10 10:14:01,0 days 00:42:33
288,2024-02-10 11:25:29,2024-02-10 12:28:30,0 days 01:03:01
289,2024-02-10 12:55:30,2024-02-10 13:16:34,0 days 00:21:04
290,2024-02-10 13:46:30,2024-02-10 16:17:40,0 days 02:31:10
291,2024-02-10 16:24:27,2024-02-10 17:57:31,0 days 01:33:04
292,2024-02-10 18:06:21,2024-02-10 19:30:20,0 days 01:23:59
293,2024-02-10 20:00:24,2024-02-10 20:02:40,0 days 00:02:16
294,2024-02-10 20:24:20,2024-02-10 20:26:27,0 days 00:02:07
295,2024-02-10 20:57:19,2024-02-10 22:24:56,0 days 01:27:37
296,2024-02-10 23:27:24,2024-02-10 23:40:19,0 days 00:12:55
297,2024-02-11 00:11:17,2024-02-11 01:16:41,0 days 01:05:24
298,2024-02-11 01:51:21,2024-02-11 02:12:43,0 days 00:21:22
299,2024-02-11 02:33:21,2024-02-11 02:36:21,0 days 00:03:00
300,2024-02-11 03:06:24,2024-02-11 03:17:25,0 days 00:11:01
301,2024-02-11 03:21:22,2024-02-11 04:00:08,0 days 00:38:46
302,2024-02-11 04:30:22,2024-02-11 04:36:57,0 days 00:06:35
303,2024-02-11 04:39:21,2024-02-11 05:11:33,0 days 00:32:12
304,2024-02-11 05:18:23,2024-02-11 05:56:29,0 days 00:38:06
305,2024-02-11 06:12:20,2024-02-11 08:50:31,0 days 02:38:11
306,2024-02-11 08:53:25,2024-02-11 09:08:32,0 days 00:15:07
307,2024-02-11 09:24:26,2024-02-11 09:33:23,0 days 00:08:57
308,2024-02-11 09:36:27,2024-02-11 09:48:20,0 days 00:11:53
309,2024-02-11 09:51:26,2024-02-11 10:09:33,0 days 00:18:07
310,2024-02-11 10:30:22,2024-02-11 10:45:22,0 days 00:15:00
311,2024-02-11 11:00:24,2024-02-11 11:14:23,0 days 00:13:59
312,2024-02-11 11:36:21,2024-02-11 12:24:34,0 days 00:48:13
313,2024-02-11 12:27:40,2024-02-11 13:45:23,0 days 01:17:43
314,2024-02-11 14:00:23,2024-02-11 14:09:22,0 days 00:08:59
315,2024-02-11 14:24:22,2024-02-11 23:05:37,0 days 08:41:15
316,2024-02-12 00:00:45,2024-02-12 00:08:28,0 days 00:07:43
317,2024-02-12 00:18:43,2024-02-12 00:44:24,0 days 00:25:41
318,2024-02-12 00:51:46,2024-02-12 01:05:22,0 days 00:13:36
319,2024-02-12 01:33:42,2024-02-12 01:35:45,0 days 00:02:03
320,2024-02-12 01:48:43,2024-02-12 01:50:45,0 days 00:02:02
321,2024-02-12 02:03:45,2024-02-12 02:06:13,0 days 00:02:28
322,2024-02-12 02:30:44,2024-02-12 02:43:40,0 days 00:12:56
323,2024-02-12 02:45:46,2024-02-12 03:14:46,0 days 00:29:00
324,2024-02-12 03:45:46,2024-02-12 03:48:25,0 days 00:02:39
325,2024-02-12 03:51:48,2024-02-12 03:54:24,0 days 00:02:36
326,2024-02-12 04:12:45,2024-02-12 04:16:02,0 days 00:03:17
327,2024-02-12 04:21:44,2024-02-12 04:27:15,0 days 00:05:31
328,2024-02-12 04:33:42,2024-02-12 04:53:31,0 days 00:19:49
329,2024-02-12 05:09:46,2024-02-12 05:36:45,0 days 00:26:59
330,2024-02-12 06:03:45,2024-02-12 06:11:45,0 days 00:08:00
331,2024-02-12 06:24:46,2024-02-12 06:32:49,0 days 00:08:03
332,2024-02-12 06:45:43,2024-02-12 06:47:54,0 days 00:02:11
333,2024-02-12 07:12:44,2024-02-12 07:15:43,0 days 00:02:59
334,2024-02-12 07:18:45,2024-02-12 07:21:12,0 days 00:02:27
335,2024-02-12 07:42:50,2024-02-12 08:35:27,0 days 00:52:37
336,2024-02-12 08:39:46,2024-02-12 08:59:29,0 days 00:19:43
337,2024-02-12 09:03:43,2024-02-12 09:26:29,0 days 00:22:46
338,2024-02-12 09:30:48,2024-02-12 09:41:22,0 days 00:10:34
339,2024-02-12 09:45:50,2024-02-12 09:59:26,0 days 00:13:36
340,2024-02-12 10:09:50,2024-02-12 10:16:31,0 days 00:06:41
341,2024-02-12 10:30:45,2024-02-12 10:35:02,0 days 00:04:17
342,2024-02-12 11:02:24,2024-02-12 11:11:24,0 days 00:09:00
343,2024-02-12 11:15:48,2024-02-12 12:21:46,0 days 01:05:58
344,2024-02-12 12:46:10,2024-02-12 13:03:45,0 days 00:17:35
345,2024-02-12 13:10:24,2024-02-12 13:16:22,0 days 00:05:58
346,2024-02-12 13:18:43,2024-02-12 13:40:27,0 days 00:21:44
347,2024-02-12 13:45:44,2024-02-12 14:45:44,0 days 01:00:00
348,2024-02-12 15:00:47,2024-02-12 15:03:44,0 days 00:02:57
349,2024-02-12 15:27:48,2024-02-12 16:03:20,0 days 00:35:32
350,2024-02-12 16:06:46,2024-02-12 16:30:18,0 days 00:23:32
351,2024-02-12 16:33:18,2024-02-12 17:54:45,0 days 01:21:27
352,2024-02-12 17:59:02,2024-02-12 18:09:49,0 days 00:10:47
353,2024-02-12 18:24:45,2024-02-12 19:30:47,0 days 01:06:02
354,2024-02-12 20:21:48,2024-02-12 20:27:45,0 days 00:05:57
355,2024-02-12 20:39:44,2024-02-12 21:26:47,0 days 00:47:03
356,2024-02-12 21:36:44,2024-02-12 22:18:49,0 days 00:42:05
357,2024-02-12 22:36:48,2024-02-12 23:13:10,0 days 00:36:22
358,2024-02-12 23:24:46,2024-02-12 23:30:45,0 days 00:05:59
359,2024-02-13 00:09:45,2024-02-13 00:14:46,0 days 00:05:01
360,2024-02-13 00:45:46,2024-02-13 01:15:43,0 days 00:29:57
361,2024-02-13 01:36:49,2024-02-13 01:50:38,0 days 00:13:49
362,2024-02-13 02:12:46,2024-02-13 02:18:49,0 days 00:06:03
363,2024-02-13 02:24:46,2024-02-13 02:33:44,0 days 00:08:58
364,2024-02-13 02:39:49,2024-02-13 02:51:08,0 days 00:11:19
365,2024-02-13 03:06:45,2024-02-13 05:30:45,0 days 02:24:00
366,2024-02-13 05:33:45,2024-02-13 05:48:44,0 days 00:14:59
367,2024-02-13 06:03:44,2024-02-13 06:27:47,0 days 00:24:03
368,2024-02-13 06:39:50,2024-02-13 07:20:24,0 days 00:40:34
369,2024-02-13 07:27:44,2024-02-13 09:33:46,0 days 02:06:02
370,2024-02-13 09:48:48,2024-02-13 09:55:57,0 days 00:07:09
371,2024-02-13 10:12:53,2024-02-13 10:31:41,0 days 00:18:48
372,2024-02-13 10:39:45,2024-02-13 11:08:48,0 days 00:29:03
373,2024-02-13 11:12:48,2024-02-13 12:15:32,0 days 01:02:44
374,2024-02-13 12:42:51,2024-02-13 13:09:52,0 days 00:27:01
375,2024-02-13 13:27:46,2024-02-13 15:10:07,0 days 01:42:21
376,2024-02-13 15:36:53,2024-02-13 15:41:19,0 days 00:04:26
377,2024-02-13 15:48:47,2024-02-13 15:53:17,0 days 00:04:30
378,2024-02-13 16:15:46,2024-02-13 16:23:00,0 days 00:07:14
379,2024-02-13 16:42:46,2024-02-13 18:27:48,0 days 01:45:02
380,2024-02-13 19:18:49,2024-02-13 19:24:37,0 days 00:05:48
381,2024-02-13 20:27:49,2024-02-13 21:19:01,0 days 00:51:12
382,2024-02-13 21:27:48,2024-02-13 22:03:35,0 days 00:35:47
383,2024-02-13 22:12:47,2024-02-13 22:15:59,0 days 00:03:12
384,2024-02-13 22:54:46,2024-02-13 23:03:36,0 days 00:08:50
385,2024-02-13 23:09:52,2024-02-13 23:15:41,0 days 00:05:49
386,2024-02-13 23:42:46,2024-02-14 00:00:25,0 days 00:17:39
387,2024-02-14 00:27:48,2024-02-14 00:48:17,0 days 00:20:29
388,2024-02-14 01:24:46,2024-02-14 01:31:49,0 days 00:07:03
389,2024-02-14 02:54:50,2024-02-14 03:01:27,0 days 00:06:37
390,2024-02-14 03:24:47,2024-02-14 04:06:16,0 days 00:41:29
391,2024-02-14 04:48:46,2024-02-14 05:54:09,0 days 01:05:23
392,2024-02-14 06:39:48,2024-02-14 06:55:46,0 days 00:15:58
393,2024-02-14 07:06:52,2024-02-14 07:15:49,0 days 00:08:57
394,2024-02-14 07:18:49,2024-02-14 07:30:48,0 days 00:11:59
395,2024-02-14 07:33:49,2024-02-14 07:36:50,0 days 00:03:01
396,2024-02-14 07:45:51,2024-02-14 09:30:54,0 days 01:45:03
397,2024-02-14 09:33:47,2024-02-14 09:39:48,0 days 00:06:01
398,2024-02-14 10:18:50,2024-02-14 12:10:10,0 days 01:51:20
399,2024-02-14 12:19:08,2024-02-14 13:11:04,0 days 00:51:56
400,2024-02-14 13:39:57,2024-02-14 13:46:52,0 days 00:06:55
401,2024-02-14 14:24:52,2024-02-14 14:47:54,0 days 00:23:02
402,2024-02-14 14:51:49,2024-02-14 15:00:57,0 days 00:09:08
403,2024-02-14 15:21:50,2024-02-14 16:18:26,0 days 00:56:36
404,2024-02-14 16:30:51,2024-02-14 17:33:47,0 days 01:02:56
405,2024-02-14 17:42:50,2024-02-14 17:48:51,0 days 00:06:01
406,2024-02-14 18:03:53,2024-02-14 18:27:54,0 days 00:24:01
407,2024-02-14 18:30:52,2024-02-14 19:15:53,0 days 00:45:01
408,2024-02-14 19:33:49,2024-02-14 19:36:48,0 days 00:02:59
409,2024-02-14 19:39:49,2024-02-14 19:48:49,0 days 00:09:00
410,2024-02-14 19:51:55,2024-02-14 19:54:53,0 days 00:02:58
411,2024-02-14 20:18:49,2024-02-14 21:21:49,0 days 01:03:00
412,2024-02-14 21:27:37,2024-02-14 21:59:43,0 days 00:32:06
413,2024-02-14 23:15:49,2024-02-14 23:23:25,0 days 00:07:36
414,2024-02-15 01:09:48,2024-02-15 01:25:52,0 days 00:16:04
415,2024-02-15 01:39:49,2024-02-15 02:05:41,0 days 00:25:52
416,2024-02-15 02:36:49,2024-02-15 02:43:31,0 days 00:06:42
417,2024-02-15 04:36:48,2024-02-15 04:42:53,0 days 00:06:05
418,2024-02-15 04:45:50,2024-02-15 05:04:29,0 days 00:18:39
419,2024-02-15 05:24:52,2024-02-15 05:26:59,0 days 00:02:07
420,2024-02-15 06:08:58,2024-02-15 07:18:52,0 days 01:09:54
421,2024-02-15 08:20:56,2024-02-15 08:36:52,0 days 00:15:56
422,2024-02-15 09:29:45,2024-02-15 09:32:26,0 days 00:02:41
423,2024-02-15 10:30:50,2024-02-15 10:34:31,0 days 00:03:41
424,2024-02-15 11:00:49,2024-02-15 11:22:52,0 days 00:22:03
425,2024-02-15 12:54:51,2024-02-15 15:18:44,0 days 02:23:53
426,2024-02-15 15:48:50,2024-02-15 16:05:22,0 days 00:16:32
427,2024-02-15 16:12:50,2024-02-15 19:07:25,0 days 02:54:35
428,2024-02-15 19:39:52,2024-02-15 19:58:04,0 days 00:18:12
429,2024-02-15 20:12:53,2024-02-15 20:18:00,0 days 00:05:07
430,2024-02-15 20:21:54,2024-02-15 20:24:02,0 days 00:02:08
431,2024-02-15 20:27:50,2024-02-15 21:33:03,0 days 01:05:13
432,2024-02-15 21:36:54,2024-02-15 21:51:49,0 days 00:14:55
433,2024-02-15 22:18:54,2024-02-15 22:24:23,0 days 00:05:29
434,2024-02-15 22:36:51,2024-02-15 22:39:24,0 days 00:02:33
435,2024-02-15 22:42:58,2024-02-15 23:09:22,0 days 00:26:24
436,2024-02-15 23:12:24,2024-02-15 23:15:21,0 days 00:02:57
437,2024-02-16 00:00:51,2024-02-16 00:04:32,0 days 00:03:41
438,2024-02-16 00:12:49,2024-02-16 00:37:35,0 days 00:24:46
439,2024-02-16 00:45:58,2024-02-16 00:49:36,0 days 00:03:38
440,2024-02-16 01:13:09,2024-02-16 04:18:53,0 days 03:05:44
441,2024-02-16 06:34:38,2024-02-16 07:19:43,0 days 00:45:05
442,2024-02-16 07:44:39,2024-02-16 08:56:24,0 days 01:11:45
443,2024-02-16 09:03:52,2024-02-16 09:18:32,0 days 00:14:40
444,2024-02-16 11:08:40,2024-02-16 12:16:28,0 days 01:07:48
445,2024-02-16 12:44:53,2024-02-16 12:57:13,0 days 00:12:20
446,2024-02-16 13:18:26,2024-02-16 13:42:24,0 days 00:23:58
447,2024-02-16 14:40:25,2024-02-16 16:05:31,0 days 01:25:06
448,2024-02-16 17:19:59,2024-02-16 17:48:33,0 days 00:28:34
449,2024-02-16 20:20:19,2024-02-16 21:08:23,0 days 00:48:04
450,2024-02-16 21:29:24,2024-02-16 22:03:30,0 days 00:34:06
451,2024-02-17 01:31:29,2024-02-17 01:36:31,0 days 00:05:02
452,2024-02-17 03:11:11,2024-02-17 03:35:01,0 days 00:23:50
453,2024-02-17 05:40:00,2024-02-17 05:48:28,0 days 00:08:28
454,2024-02-17 06:17:17,2024-02-17 06:32:18,0 days 00:15:01
455,2024-02-17 07:42:23,2024-02-17 11:50:14,0 days 04:07:51
456,2024-02-17 13:03:24,2024-02-17 13:21:26,0 days 00:18:02
457,2024-02-17 14:12:25,2024-02-17 15:24:24,0 days 01:11:59
458,2024-02-17 15:56:15,2024-02-17 16:01:23,0 days 00:05:08
459,2024-02-17 16:26:17,2024-02-17 16:56:25,0 days 00:30:08
460,2024-02-17 17:33:26,2024-02-17 18:14:31,0 days 00:41:05
461,2024-02-17 18:18:23,2024-02-17 19:29:28,0 days 01:11:05
462,2024-02-17 19:54:28,2024-02-17 20:08:27,0 days 00:13:59
463,2024-02-17 20:33:26,2024-02-17 21:21:24,0 days 00:47:58
464,2024-02-17 21:48:23,2024-02-17 22:03:28,0 days 00:15:05
465,2024-02-17 22:12:26,2024-02-17 23:50:59,0 days 01:38:33
466,2024-02-18 00:03:28,2024-02-18 00:29:59,0 days 00:26:31
467,2024-02-18 00:36:26,2024-02-18 01:01:18,0 days 00:24:52
468,2024-02-18 01:04:16,2024-02-18 01:10:19,0 days 00:06:03
469,2024-02-18 01:48:24,2024-02-18 02:09:47,0 days 00:21:23
470,2024-02-18 02:33:24,2024-02-18 02:37:51,0 days 00:04:27
471,2024-02-18 03:09:26,2024-02-18 03:33:38,0 days 00:24:12
472,2024-02-18 03:42:27,2024-02-18 03:45:20,0 days 00:02:53
473,2024-02-18 04:30:24,2024-02-18 04:33:47,0 days 00:03:23
474,2024-02-18 05:06:27,2024-02-18 05:24:25,0 days 00:17:58
475,2024-02-18 05:33:28,2024-02-18 05:36:31,0 days 00:03:03
476,2024-02-18 06:00:28,2024-02-18 06:03:26,0 days 00:02:58
477,2024-02-18 06:09:31,2024-02-18 06:20:47,0 days 00:11:16
478,2024-02-18 06:30:26,2024-02-18 06:46:48,0 days 00:16:22
479,2024-02-18 07:39:02,2024-02-18 08:00:41,0 days 00:21:39
480,2024-02-18 08:46:16,2024-02-18 09:01:16,0 days 00:15:00
481,2024-02-18 09:39:28,2024-02-18 10:03:28,0 days 00:24:00
482,2024-02-18 10:15:27,2024-02-18 10:23:05,0 days 00:07:38
483,2024-02-18 10:33:25,2024-02-18 12:09:36,0 days 01:36:11
484,2024-02-18 12:51:28,2024-02-18 12:57:09,0 days 00:05:41
485,2024-02-18 13:06:27,2024-02-18 14:45:27,0 days 01:39:00
486,2024-02-18 14:48:26,2024-02-18 15:06:26,0 days 00:18:00
487,2024-02-18 15:21:28,2024-02-18 16:15:06,0 days 00:53:38
488,2024-02-18 16:24:28,2024-02-18 16:55:32,0 days 00:31:04
489,2024-02-18 17:12:27,2024-02-18 17:52:10,0 days 00:39:43
490,2024-02-18 18:13:07,2024-02-18 18:47:48,0 days 00:34:41
491,2024-02-18 19:18:26,2024-02-18 19:51:25,0 days 00:32:59
492,2024-02-18 20:12:27,2024-02-18 20:21:46,0 days 00:09:19
493,2024-02-18 20:57:29,2024-02-18 22:15:26,0 days 01:17:57
494,2024-02-18 22:33:29,2024-02-18 22:59:10,0 days 00:25:41
495,2024-02-18 23:24:33,2024-02-18 23:36:28,0 days 00:11:55
496,2024-02-18 23:54:29,2024-02-19 00:01:02,0 days 00:06:33
497,2024-02-19 00:06:28,2024-02-19 00:27:28,0 days 00:21:00
498,2024-02-19 00:53:52,2024-02-19 01:38:58,0 days 00:45:06
499,2024-02-19 03:30:26,2024-02-19 05:03:31,0 days 01:33:05
500,2024-02-19 05:54:26,2024-02-19 06:28:30,0 days 00:34:04
501,2024-02-19 07:09:30,2024-02-19 07:19:31,0 days 00:10:01
502,2024-02-19 08:21:32,2024-02-19 08:44:01,0 days 00:22:29
503,2024-02-19 08:49:51,2024-02-19 10:15:29,0 days 01:25:38
504,2024-02-19 10:27:29,2024-02-19 10:30:37,0 days 00:03:08
505,2024-02-19 11:09:30,2024-02-19 11:47:22,0 days 00:37:52
506,2024-02-19 13:00:50,2024-02-19 13:18:05,0 days 00:17:15
507,2024-02-19 13:45:34,2024-02-19 14:00:32,0 days 00:14:58
508,2024-02-19 14:24:29,2024-02-19 14:30:29,0 days 00:06:00
509,2024-02-19 14:56:45,2024-02-19 15:23:44,0 days 00:26:59
510,2024-02-19 15:48:00,2024-02-19 17:17:50,0 days 01:29:50
511,2024-02-19 18:35:27,2024-02-19 18:47:00,0 days 00:11:33
512,2024-02-19 19:21:28,2024-02-19 19:30:25,0 days 00:08:57
513,2024-02-19 20:00:26,2024-02-19 20:03:45,0 days 00:03:19
514,2024-02-19 20:53:24,2024-02-19 21:38:26,0 days 00:45:02
515,2024-02-19 21:59:23,2024-02-19 22:20:25,0 days 00:21:02
516,2024-02-19 23:00:30,2024-02-19 23:04:27,0 days 00:03:57
517,2024-02-20 00:22:43,2024-02-20 00:34:45,0 days 00:12:02
518,2024-02-20 01:39:27,2024-02-20 01:42:29,0 days 00:03:02
519,2024-02-20 03:08:37,2024-02-20 03:26:35,0 days 00:17:58
520,2024-02-20 07:30:30,2024-02-20 07:34:11,0 days 00:03:41
521,2024-02-20 07:48:35,2024-02-20 07:54:01,0 days 00:05:26
522,2024-02-20 08:00:35,2024-02-20 08:17:45,0 days 00:17:10
523,2024-02-20 10:15:31,2024-02-20 10:18:28,0 days 00:02:57
524,2024-02-20 10:27:31,2024-02-20 10:32:53,0 days 00:05:22
525,2024-02-20 11:21:33,2024-02-20 11:27:33,0 days 00:06:00
526,2024-02-20 11:33:37,2024-02-20 11:48:30,0 days 00:14:53
527,2024-02-20 12:18:31,2024-02-20 12:45:24,0 days 00:26:53
528,2024-02-20 13:42:33,2024-02-20 15:24:02,0 days 01:41:29
529,2024-02-20 16:07:14,2024-02-20 16:15:01,0 days 00:07:47
530,2024-02-20 16:23:50,2024-02-20 17:26:02,0 days 01:02:12
531,2024-02-20 17:50:13,2024-02-20 19:17:18,0 days 01:27:05
532,2024-02-20 19:27:35,2024-02-20 19:37:26,0 days 00:09:51
533,2024-02-20 20:03:29,2024-02-20 22:48:05,0 days 02:44:36
534,2024-02-20 23:06:32,2024-02-20 23:24:42,0 days 00:18:10
535,2024-02-21 00:03:33,2024-02-21 04:12:37,0 days 04:09:04
536,2024-02-21 04:45:32,2024-02-21 04:51:54,0 days 00:06:22
537,2024-02-21 04:57:33,2024-02-21 06:17:33,0 days 01:20:00
538,2024-02-21 06:57:32,2024-02-21 08:11:54,0 days 01:14:22
539,2024-02-21 08:51:30,2024-02-21 08:54:29,0 days 00:02:59
540,2024-02-21 09:21:37,2024-02-21 10:09:31,0 days 00:47:54
541,2024-02-21 10:54:33,2024-02-21 11:03:35,0 days 00:09:02
542,2024-02-21 11:48:35,2024-02-21 11:57:47,0 days 00:09:12
543,2024-02-21 12:00:38,2024-02-21 13:21:24,0 days 01:20:46
544,2024-02-21 14:06:32,2024-02-21 14:26:17,0 days 00:19:45
545,2024-02-21 14:33:37,2024-02-21 16:07:36,0 days 01:33:59
546,2024-02-21 16:15:32,2024-02-21 16:25:35,0 days 00:10:03
547,2024-02-21 16:30:38,2024-02-21 16:33:35,0 days 00:02:57
548,2024-02-21 16:58:14,2024-02-21 17:21:32,0 days 00:23:18
549,2024-02-21 18:06:32,2024-02-21 18:28:09,0 days 00:21:37
550,2024-02-21 19:00:32,2024-02-21 19:24:29,0 days 00:23:57
551,2024-02-21 19:33:31,2024-02-21 19:48:35,0 days 00:15:04
552,2024-02-21 20:23:23,2024-02-21 20:28:53,0 days 00:05:30
553,2024-02-21 20:48:33,2024-02-21 21:15:35,0 days 00:27:02
554,2024-02-21 22:42:33,2024-02-21 22:45:39,0 days 00:03:06
555,2024-02-21 23:42:38,2024-02-21 23:45:50,0 days 00:03:12
556,2024-02-22 00:57:36,2024-02-22 01:03:11,0 days 00:05:35
557,2024-02-22 01:09:11,2024-02-22 01:48:11,0 days 00:39:00
558,2024-02-22 01:54:11,2024-02-22 02:09:08,0 days 00:14:57
559,2024-02-22 02:12:12,2024-02-22 02:18:14,0 days 00:06:02
560,2024-02-22 02:21:33,2024-02-22 02:39:13,0 days 00:17:40
561,2024-02-22 02:54:10,2024-02-22 03:03:08,0 days 00:08:58
562,2024-02-22 03:09:10,2024-02-22 03:12:13,0 days 00:03:03
563,2024-02-22 03:15:35,2024-02-22 03:42:15,0 days 00:26:40
564,2024-02-22 03:51:33,2024-02-22 04:39:10,0 days 00:47:37
565,2024-02-22 04:42:35,2024-02-22 04:45:14,0 days 00:02:39
566,2024-02-22 05:06:14,2024-02-22 05:27:16,0 days 00:21:02
567,2024-02-22 05:51:35,2024-02-22 07:15:21,0 days 01:23:46
568,2024-02-22 07:36:34,2024-02-22 10:33:17,0 days 02:56:43
569,2024-02-22 10:54:38,2024-02-22 16:19:45,0 days 05:25:07
570,2024-02-22 16:24:23,2024-02-22 16:53:32,0 days 00:29:09
571,2024-02-22 17:09:55,2024-02-22 18:16:11,0 days 01:06:16
572,2024-02-22 18:42:37,2024-02-22 19:12:42,0 days 00:30:05
573,2024-02-22 19:44:48,2024-02-22 20:29:48,0 days 00:45:00
574,2024-02-22 20:57:34,2024-02-22 21:04:30,0 days 00:06:56
575,2024-02-22 21:15:37,2024-02-22 21:18:51,0 days 00:03:14
576,2024-02-22 21:21:39,2024-02-22 21:30:52,0 days 00:09:13
577,2024-02-22 22:14:06,2024-02-22 22:25:19,0 days 00:11:13
578,2024-02-22 22:48:37,2024-02-22 22:54:35,0 days 00:05:58
579,2024-02-22 22:57:36,2024-02-22 23:03:36,0 days 00:06:00
580,2024-02-22 23:21:42,2024-02-22 23:29:53,0 days 00:08:11
581,2024-02-22 23:50:56,2024-02-23 00:22:03,0 days 00:31:07
582,2024-02-23 03:04:22,2024-02-23 03:23:26,0 days 00:19:04
583,2024-02-23 04:33:22,2024-02-23 05:18:21,0 days 00:44:59
584,2024-02-23 05:39:20,2024-02-23 05:48:28,0 days 00:09:08
585,2024-02-23 06:18:42,2024-02-23 06:24:18,0 days 00:05:36
586,2024-02-23 06:27:39,2024-02-23 06:33:19,0 days 00:05:40
587,2024-02-23 06:36:36,2024-02-23 06:39:21,0 days 00:02:45
588,2024-02-23 07:48:41,2024-02-23 07:57:26,0 days 00:08:45
589,2024-02-23 08:33:36,2024-02-23 08:36:43,0 days 00:03:07
590,2024-02-23 08:54:40,2024-02-23 09:15:29,0 days 00:20:49
591,2024-02-23 09:38:39,2024-02-23 09:44:36,0 days 00:05:57
592,2024-02-23 09:48:37,2024-02-23 09:54:00,0 days 00:05:23
593,2024-02-23 10:03:58,2024-02-23 10:38:49,0 days 00:34:51
594,2024-02-23 11:18:41,2024-02-23 11:39:48,0 days 00:21:07
595,2024-02-23 12:00:39,2024-02-23 12:15:13,0 days 00:14:34
596,2024-02-23 12:18:20,2024-02-23 12:33:23,0 days 00:15:03
597,2024-02-23 12:57:36,2024-02-23 12:59:52,0 days 00:02:16
598,2024-02-23 13:18:35,2024-02-23 13:22:14,0 days 00:03:39
599,2024-02-23 13:42:40,2024-02-23 13:57:37,0 days 00:14:57
600,2024-02-23 14:15:42,2024-02-23 14:49:18,0 days 00:33:36
601,2024-02-23 14:51:40,2024-02-23 15:13:23,0 days 00:21:43
602,2024-02-23 16:21:38,2024-02-23 20:01:51,0 days 03:40:13
603,2024-02-23 20:27:38,2024-02-23 23:37:10,0 days 03:09:32
604,2024-02-24 00:09:38,2024-02-24 01:21:19,0 days 01:11:41
605,2024-02-24 02:03:39,2024-02-24 02:07:39,0 days 00:04:00
606,2024-02-24 02:18:39,2024-02-24 02:21:12,0 days 00:02:33
607,2024-02-24 02:48:43,2024-02-24 05:17:20,0 days 02:28:37
608,2024-02-24 06:33:32,2024-02-24 06:36:33,0 days 00:03:01
609,2024-02-24 07:12:37,2024-02-24 07:26:46,0 days 00:14:09
610,2024-02-24 07:53:23,2024-02-24 08:35:25,0 days 00:42:02
611,2024-02-24 09:18:38,2024-02-24 09:28:08,0 days 00:09:30
612,2024-02-24 10:06:41,2024-02-24 10:45:36,0 days 00:38:55
613,2024-02-24 11:55:56,2024-02-24 13:18:34,0 days 01:22:38
614,2024-02-24 13:46:26,2024-02-24 14:10:21,0 days 00:23:55
615,2024-02-24 14:12:38,2024-02-24 14:17:27,0 days 00:04:49
616,2024-02-24 14:59:02,2024-02-24 15:14:03,0 days 00:15:01
617,2024-02-24 15:39:37,2024-02-24 16:05:37,0 days 00:26:00
618,2024-02-24 16:21:39,2024-02-24 16:53:36,0 days 00:31:57
619,2024-02-24 17:39:38,2024-02-24 18:24:28,0 days 00:44:50
620,2024-02-24 19:27:38,2024-02-24 19:30:37,0 days 00:02:59
621,2024-02-24 20:24:00,2024-02-24 22:08:58,0 days 01:44:58
622,2024-02-24 22:30:01,2024-02-24 23:35:59,0 days 01:05:58
623,2024-02-24 23:57:05,2024-02-25 01:00:00,0 days 01:02:55
624,2024-02-25 01:42:00,2024-02-25 02:05:56,0 days 00:23:56
625,2024-02-25 03:15:19,2024-02-25 04:00:20,0 days 00:45:01
626,2024-02-25 04:12:41,2024-02-25 04:15:54,0 days 00:03:13
627,2024-02-25 07:13:40,2024-02-25 07:40:40,0 days 00:27:00
628,2024-02-25 09:19:29,2024-02-25 09:40:31,0 days 00:21:02
629,2024-02-25 10:04:29,2024-02-25 10:46:32,0 days 00:42:03
630,2024-02-25 11:56:43,2024-02-25 11:59:41,0 days 00:02:58
631,2024-02-25 12:41:50,2024-02-25 12:59:44,0 days 00:17:54
632,2024-02-25 13:04:53,2024-02-25 13:16:59,0 days 00:12:06
633,2024-02-25 14:05:21,2024-02-25 14:26:20,0 days 00:20:59
634,2024-02-25 15:12:44,2024-02-25 15:18:25,0 days 00:05:41
635,2024-02-25 15:21:41,2024-02-25 15:27:19,0 days 00:05:38
636,2024-02-25 15:39:42,2024-02-25 15:51:25,0 days 00:11:43
637,2024-02-25 15:54:42,2024-02-25 16:02:56,0 days 00:08:14
638,2024-02-25 16:33:41,2024-02-25 16:40:11,0 days 00:06:30
639,2024-02-25 17:00:39,2024-02-25 17:04:37,0 days 00:03:58
640,2024-02-25 17:42:42,2024-02-25 19:34:41,0 days 01:51:59
641,2024-02-25 20:18:39,2024-02-25 20:22:07,0 days 00:03:28
642,2024-02-25 21:10:13,2024-02-25 21:48:21,0 days 00:38:08
643,2024-02-25 21:57:38,2024-02-25 22:00:59,0 days 00:03:21
644,2024-02-25 22:43:47,2024-02-25 22:56:51,0 days 00:13:04
645,2024-02-25 23:56:11,2024-02-26 00:20:08,0 days 00:23:57
646,2024-02-26 01:49:47,2024-02-26 02:02:32,0 days 00:12:45
647,2024-02-26 03:06:44,2024-02-26 03:52:57,0 days 00:46:13
648,2024-02-26 04:13:57,2024-02-26 04:58:58,0 days 00:45:01
649,2024-02-26 05:33:42,2024-02-26 05:36:18,0 days 00:02:36
650,2024-02-26 06:18:43,2024-02-26 06:24:40,0 days 00:05:57
651,2024-02-26 06:58:26,2024-02-26 07:30:42,0 days 00:32:16
652,2024-02-26 08:39:40,2024-02-26 09:06:52,0 days 00:27:12
653,2024-02-26 09:12:42,2024-02-26 09:15:48,0 days 00:03:06
654,2024-02-26 10:05:58,2024-02-26 12:18:07,0 days 02:12:09
655,2024-02-26 12:41:58,2024-02-26 12:50:21,0 days 00:08:23
656,2024-02-26 13:55:10,2024-02-26 14:45:51,0 days 00:50:41
657,2024-02-26 15:03:41,2024-02-26 15:05:47,0 days 00:02:06
658,2024-02-26 15:51:42,2024-02-26 18:47:23,0 days 02:55:41
659,2024-02-26 19:55:58,2024-02-26 20:22:56,0 days 00:26:58
660,2024-02-26 20:47:06,2024-02-26 20:53:13,0 days 00:06:07
661,2024-02-26 22:40:42,2024-02-26 23:30:48,0 days 00:50:06
662,2024-02-27 01:35:07,2024-02-27 01:40:30,0 days 00:05:23
663,2024-02-27 02:05:27,2024-02-27 02:26:23,0 days 00:20:56
664,2024-02-27 04:12:57,2024-02-27 04:22:37,0 days 00:09:40
665,2024-02-27 04:26:06,2024-02-27 04:30:37,0 days 00:04:31
666,2024-02-27 04:35:13,2024-02-27 04:43:14,0 days 00:08:01
667,2024-02-27 05:05:07,2024-02-27 05:47:42,0 days 00:42:35
668,2024-02-27 06:20:10,2024-02-27 07:02:46,0 days 00:42:36
669,2024-02-27 08:02:29,2024-02-27 10:34:14,0 days 02:31:45
670,2024-02-27 10:58:25,2024-02-27 11:00:40,0 days 00:02:15
671,2024-02-27 14:13:06,2024-02-27 14:55:10,0 days 00:42:04
672,2024-02-27 16:39:04,2024-02-27 19:13:19,0 days 02:34:15
673,2024-02-27 20:42:57,2024-02-27 21:24:57,0 days 00:42:00
674,2024-02-27 22:28:56,2024-02-27 22:52:59,0 days 00:24:03
675,2024-02-28 02:47:42,2024-02-28 04:04:32,0 days 01:16:50
676,2024-02-28 05:35:08,2024-02-28 05:44:07,0 days 00:08:59
677,2024-02-28 05:50:06,2024-02-28 05:53:03,0 days 00:02:57
678,2024-02-28 06:26:06,2024-02-28 07:06:32,0 days 00:40:26
679,2024-02-28 07:17:08,2024-02-28 07:55:31,0 days 00:38:23
680,2024-02-28 08:38:08,2024-02-28 08:59:02,0 days 00:20:54
681,2024-02-28 09:44:39,2024-02-28 09:57:45,0 days 00:13:06
682,2024-02-28 10:20:06,2024-02-28 10:45:32,0 days 00:25:26
683,2024-02-28 11:09:33,2024-02-28 11:13:33,0 days 00:04:00
684,2024-02-28 11:32:12,2024-02-28 11:43:08,0 days 00:10:56
685,2024-02-28 11:56:09,2024-02-28 12:25:15,0 days 00:29:06
686,2024-02-28 13:41:59,2024-02-28 14:16:30,0 days 00:34:31
687,2024-02-28 15:19:45,2024-02-28 17:21:50,0 days 02:02:05
688,2024-02-28 20:29:08,2024-02-28 21:16:25,0 days 00:47:17
689,2024-02-28 23:53:40,2024-02-29 00:53:19,0 days 00:59:39
690,2024-02-29 02:00:24,2024-02-29 02:03:00,0 days 00:02:36
691,2024-02-29 03:29:08,2024-02-29 04:10:00,0 days 00:40:52
692,2024-02-29 05:34:02,2024-02-29 07:28:15,0 days 01:54:13
693,2024-02-29 07:52:13,2024-02-29 08:16:11,0 days 00:23:58
694,2024-02-29 09:02:12,2024-02-29 11:58:08,0 days 02:55:56
695,2024-02-29 12:19:16,2024-02-29 13:13:42,0 days 00:54:26
696,2024-02-29 14:23:14,2024-02-29 14:41:39,0 days 00:18:25
697,2024-02-29 15:06:10,2024-02-29 15:10:04,0 days 00:03:54
698,2024-02-29 15:29:08,2024-02-29 15:43:03,0 days 00:13:55
699,2024-02-29 17:51:16,2024-02-29 18:56:38,0 days 01:05:22
700,2024-02-29 19:20:40,2024-02-29 19:26:39,0 days 00:05:59
701,2024-02-29 19:53:12,2024-02-29 20:46:23,0 days 00:53:11
702,2024-02-29 21:54:54,2024-02-29 22:12:25,0 days 00:17:31
703,2024-02-29 23:44:25,2024-02-29 23:57:55,0 days 00:13:30
704,2024-03-01 00:29:16,2024-03-01 00:42:57,0 days 00:13:41
705,2024-03-01 01:11:08,2024-03-01 01:33:06,0 days 00:21:58
706,2024-03-01 01:50:14,2024-03-01 02:10:26,0 days 00:20:12
707,2024-03-01 02:48:37,2024-03-01 02:55:20,0 days 00:06:43
708,2024-03-01 03:32:10,2024-03-01 03:41:53,0 days 00:09:43
709,2024-03-01 04:17:12,2024-03-01 05:19:57,0 days 01:02:45
710,2024-03-01 05:32:09,2024-03-01 05:35:30,0 days 00:03:21
711,2024-03-01 06:05:10,2024-03-01 06:15:16,0 days 00:10:06
712,2024-03-01 08:45:54,2024-03-01 10:42:19,0 days 01:56:25
713,2024-03-01 11:48:05,2024-03-01 11:59:37,0 days 00:11:32
714,2024-03-01 12:59:28,2024-03-01 13:05:50,0 days 00:06:22
715,2024-03-01 15:48:28,2024-03-01 16:26:24,0 days 00:37:56
716,2024-03-01 16:53:10,2024-03-01 17:34:12,0 days 00:41:02
717,2024-03-01 17:59:11,2024-03-01 18:11:42,0 days 00:12:31
718,2024-03-01 18:35:10,2024-03-01 18:37:38,0 days 00:02:28
719,2024-03-01 19:46:45,2024-03-01 20:43:47,0 days 00:57:02
720,2024-03-01 21:49:13,2024-03-01 22:34:23,0 days 00:45:10
721,2024-03-01 23:56:20,2024-03-02 00:16:01,0 days 00:19:41
722,2024-03-02 01:07:29,2024-03-02 01:13:41,0 days 00:06:12
723,2024-03-02 02:01:23,2024-03-02 03:07:52,0 days 01:06:29
724,2024-03-02 03:23:12,2024-03-02 04:05:14,0 days 00:42:02
725,2024-03-02 04:41:14,2024-03-02 05:00:56,0 days 00:19:42
726,2024-03-02 05:23:13,2024-03-02 07:46:15,0 days 02:23:02
727,2024-03-02 09:11:17,2024-03-02 09:35:26,0 days 00:24:09
728,2024-03-02 10:41:14,2024-03-02 10:45:28,0 days 00:04:14
729,2024-03-02 11:09:32,2024-03-02 11:30:29,0 days 00:20:57
730,2024-03-02 11:51:16,2024-03-02 12:33:28,0 days 00:42:12
731,2024-03-02 12:54:27,2024-03-02 13:06:25,0 days 00:11:58
732,2024-03-02 14:17:11,2024-03-02 14:20:14,0 days 00:03:03
733,2024-03-02 15:17:12,2024-03-02 15:20:48,0 days 00:03:36
734,2024-03-02 16:18:31,2024-03-02 17:32:53,0 days 01:14:22
735,2024-03-02 17:56:13,2024-03-02 18:02:15,0 days 00:06:02
736,2024-03-02 18:14:14,2024-03-02 18:16:31,0 days 00:02:17
737,2024-03-02 18:56:14,2024-03-02 19:16:04,0 days 00:19:50
738,2024-03-02 19:29:16,2024-03-02 19:40:17,0 days 00:11:01
739,2024-03-02 19:46:19,2024-03-02 19:50:13,0 days 00:03:54
740,2024-03-02 19:56:20,2024-03-02 20:00:41,0 days 00:04:21
741,2024-03-02 20:11:15,2024-03-02 20:35:16,0 days 00:24:01
742,2024-03-02 21:06:00,2024-03-02 21:52:27,0 days 00:46:27
743,2024-03-02 22:05:20,2024-03-02 22:19:17,0 days 00:13:57
744,2024-03-02 22:26:13,2024-03-02 22:28:32,0 days 00:02:19
745,2024-03-02 23:16:01,2024-03-03 00:01:06,0 days 00:45:05
746,2024-03-03 00:23:16,2024-03-03 00:51:17,0 days 00:28:01
747,2024-03-03 02:02:19,2024-03-03 04:03:33,0 days 02:01:14
748,2024-03-03 05:32:17,2024-03-03 05:43:16,0 days 00:10:59
749,2024-03-03 06:08:46,2024-03-03 06:10:57,0 days 00:02:11
750,2024-03-03 06:16:56,2024-03-03 06:20:10,0 days 00:03:14
751,2024-03-03 06:35:15,2024-03-03 09:26:42,0 days 02:51:27
752,2024-03-03 10:47:18,2024-03-03 10:50:43,0 days 00:03:25
753,2024-03-03 11:20:22,2024-03-03 11:33:44,0 days 00:13:22
754,2024-03-03 12:02:16,2024-03-03 12:11:40,0 days 00:09:24
755,2024-03-03 12:53:35,2024-03-03 13:53:39,0 days 01:00:04
756,2024-03-03 14:05:15,2024-03-03 14:10:31,0 days 00:05:16
757,2024-03-03 14:29:15,2024-03-03 14:54:38,0 days 00:25:23
758,2024-03-03 14:59:14,2024-03-03 15:16:55,0 days 00:17:41
759,2024-03-03 15:46:59,2024-03-03 16:08:07,0 days 00:21:08
760,2024-03-03 16:29:18,2024-03-03 16:49:57,0 days 00:20:39
761,2024-03-03 17:14:15,2024-03-03 19:49:02,0 days 02:34:47
762,2024-03-03 20:05:16,2024-03-03 20:08:16,0 days 00:03:00
763,2024-03-03 20:17:20,2024-03-03 20:20:16,0 days 00:02:56
764,2024-03-03 20:26:17,2024-03-03 20:46:59,0 days 00:20:42
765,2024-03-03 21:11:15,2024-03-03 21:35:39,0 days 00:24:24
766,2024-03-03 22:02:24,2024-03-03 22:05:38,0 days 00:03:14
767,2024-03-03 22:14:15,2024-03-03 22:17:43,0 days 00:03:28
768,2024-03-03 22:50:18,2024-03-03 22:53:49,0 days 00:03:31
769,2024-03-04 00:03:47,2024-03-04 00:29:21,0 days 00:25:34
770,2024-03-04 02:17:21,2024-03-04 02:29:18,0 days 00:11:57
771,2024-03-04 02:33:23,2024-03-04 02:48:49,0 days 00:15:26
772,2024-03-04 03:23:46,2024-03-04 03:44:46,0 days 00:21:00
773,2024-03-04 04:35:19,2024-03-04 04:37:45,0 days 00:02:26
774,2024-03-04 05:11:19,2024-03-04 06:23:16,0 days 01:11:57
775,2024-03-04 06:26:17,2024-03-04 07:32:19,0 days 01:06:02
776,2024-03-04 07:56:18,2024-03-04 08:28:52,0 days 00:32:34
777,2024-03-04 08:53:22,2024-03-04 09:20:00,0 days 00:26:38
778,2024-03-04 10:20:17,2024-03-04 10:34:36,0 days 00:14:19
779,2024-03-04 10:47:18,2024-03-04 10:52:23,0 days 00:05:05
780,2024-03-04 11:17:19,2024-03-04 11:20:32,0 days 00:03:13
781,2024-03-04 11:35:15,2024-03-04 11:37:40,0 days 00:02:25
782,2024-03-04 12:05:18,2024-03-04 12:11:21,0 days 00:06:03
783,2024-03-04 12:29:16,2024-03-04 13:11:19,0 days 00:42:03
784,2024-03-04 13:38:34,2024-03-04 14:14:27,0 days 00:35:53
785,2024-03-04 14:50:15,2024-03-04 15:16:13,0 days 00:25:58
786,2024-03-04 15:47:23,2024-03-04 15:49:37,0 days 00:02:14
787,2024-03-04 16:16:15,2024-03-04 16:51:48,0 days 00:35:33
788,2024-03-04 17:38:16,2024-03-04 17:53:45,0 days 00:15:29
789,2024-03-04 18:08:18,2024-03-04 18:37:23,0 days 00:29:05
790,2024-03-04 19:08:40,2024-03-04 19:56:37,0 days 00:47:57
791,2024-03-04 20:20:17,2024-03-04 20:25:09,0 days 00:04:52
792,2024-03-04 20:50:19,2024-03-04 21:39:15,0 days 00:48:56
793,2024-03-04 22:23:17,2024-03-04 22:32:23,0 days 00:09:06
794,2024-03-04 23:21:54,2024-03-04 23:24:39,0 days 00:02:45
795,2024-03-05 00:02:19,2024-03-05 00:16:26,0 days 00:14:07
796,2024-03-05 01:17:26,2024-03-05 01:59:28,0 days 00:42:02
797,2024-03-05 02:23:18,2024-03-05 03:26:05,0 days 01:02:47
798,2024-03-05 04:34:14,2024-03-05 05:16:21,0 days 00:42:07
799,2024-03-05 05:37:19,2024-03-05 05:58:17,0 days 00:20:58
800,2024-03-05 06:23:19,2024-03-05 07:55:34,0 days 01:32:15
801,2024-03-05 10:49:49,2024-03-05 10:59:51,0 days 00:10:02
802,2024-03-05 12:20:20,2024-03-05 12:26:58,0 days 00:06:38
803,2024-03-05 13:41:15,2024-03-05 14:48:43,0 days 01:07:28
804,2024-03-05 15:11:20,2024-03-05 15:15:26,0 days 00:04:06
805,2024-03-05 15:51:25,2024-03-05 15:56:40,0 days 00:05:15
806,2024-03-05 16:11:22,2024-03-05 16:14:37,0 days 00:03:15
807,2024-03-05 17:44:18,2024-03-05 17:48:05,0 days 00:03:47
808,2024-03-05 17:50:18,2024-03-05 17:54:05,0 days 00:03:47
809,2024-03-05 18:15:07,2024-03-05 18:24:04,0 days 00:08:57
810,2024-03-05 19:13:15,2024-03-05 19:19:16,0 days 00:06:01
811,2024-03-05 20:07:43,2024-03-05 20:25:47,0 days 00:18:04
812,2024-03-05 21:05:31,2024-03-05 21:19:16,0 days 00:13:45
813,2024-03-05 21:44:22,2024-03-05 21:48:01,0 days 00:03:39
814,2024-03-05 22:24:48,2024-03-05 23:36:48,0 days 01:12:00
815,2024-03-06 00:02:44,2024-03-06 00:55:48,0 days 00:53:04
816,2024-03-06 03:55:03,2024-03-06 08:21:55,0 days 04:26:52
817,2024-03-06 08:45:05,2024-03-06 08:49:56,0 days 00:04:51
818,2024-03-06 09:42:33,2024-03-06 10:03:35,0 days 00:21:02
819,2024-03-06 10:24:33,2024-03-06 11:51:30,0 days 01:26:57
820,2024-03-06 12:12:34,2024-03-06 13:34:34,0 days 01:22:00
821,2024-03-08 12:28:27,2024-03-08 12:54:01,0 days 00:25:34
822,2024-03-08 13:44:27,2024-03-08 13:49:19,0 days 00:04:52
823,2024-03-08 14:35:27,2024-03-08 14:54:43,0 days 00:19:16
824,2024-03-08 15:24:40,2024-03-08 15:36:43,0 days 00:12:03
825,2024-03-08 16:06:38,2024-03-08 16:23:39,0 days 00:17:01
826,2024-03-08 17:11:43,2024-03-08 17:38:17,0 days 00:26:34
827,2024-03-08 18:11:30,2024-03-08 18:17:13,0 days 00:05:43
828,2024-03-08 18:38:14,2024-03-08 18:51:36,0 days 00:13:22
829,2024-03-08 19:11:30,2024-03-08 19:50:29,0 days 00:38:59
830,2024-03-08 20:27:03,2024-03-08 20:42:52,0 days 00:15:49
831,2024-03-08 22:04:10,2024-03-08 23:16:10,0 days 01:12:00
832,2024-03-08 23:44:29,2024-03-08 23:47:27,0 days 00:02:58
833,2024-03-09 00:20:32,2024-03-09 00:28:53,0 days 00:08:21
834,2024-03-09 01:08:31,2024-03-09 01:19:10,0 days 00:10:39
835,2024-03-09 01:50:29,2024-03-09 02:42:08,0 days 00:51:39
836,2024-03-09 03:08:35,2024-03-09 03:19:35,0 days 00:11:00
837,2024-03-09 04:17:31,2024-03-09 04:20:15,0 days 00:02:44
838,2024-03-09 05:08:29,2024-03-09 05:17:16,0 days 00:08:47
839,2024-03-09 06:14:31,2024-03-09 06:53:30,0 days 00:38:59
840,2024-03-09 07:02:35,2024-03-09 07:08:35,0 days 00:06:00
841,2024-03-09 07:51:10,2024-03-09 08:04:11,0 days 00:13:01
842,2024-03-09 08:23:35,2024-03-09 08:38:10,0 days 00:14:35
843,2024-03-09 08:42:30,2024-03-09 09:17:14,0 days 00:34:44
844,2024-03-09 09:24:04,2024-03-09 10:11:14,0 days 00:47:10
845,2024-03-09 10:56:31,2024-03-09 10:58:58,0 days 00:02:27
846,2024-03-09 11:56:30,2024-03-09 12:20:30,0 days 00:24:00
847,2024-03-09 13:08:28,2024-03-09 13:15:05,0 days 00:06:37
848,2024-03-09 14:02:33,2024-03-09 14:08:35,0 days 00:06:02
849,2024-03-09 14:29:31,2024-03-09 14:40:52,0 days 00:11:21
850,2024-03-09 15:30:09,2024-03-09 17:21:29,0 days 01:51:20
851,2024-03-09 17:59:30,2024-03-09 18:24:29,0 days 00:24:59
852,2024-03-09 18:50:30,2024-03-09 19:41:31,0 days 00:51:01
853,2024-03-09 21:08:29,2024-03-09 21:14:37,0 days 00:06:08
854,2024-03-09 21:17:32,2024-03-09 21:20:40,0 days 00:03:08
855,2024-03-09 21:45:21,2024-03-09 22:07:14,0 days 00:21:53
856,2024-03-09 23:17:09,2024-03-09 23:36:18,0 days 00:19:09
857,2024-03-10 00:19:44,2024-03-10 00:40:45,0 days 00:21:01
858,2024-03-10 01:05:33,2024-03-10 01:13:51,0 days 00:08:18
859,2024-03-10 01:41:30,2024-03-10 02:03:38,0 days 00:22:08
860,2024-03-10 02:14:33,2024-03-10 02:27:54,0 days 00:13:21
861,2024-03-10 03:05:29,2024-03-10 03:48:43,0 days 00:43:14
862,2024-03-10 04:09:44,2024-03-10 05:26:53,0 days 01:17:09
863,2024-03-10 08:05:00,2024-03-10 08:07:58,0 days 00:02:58
864,2024-03-10 08:38:43,2024-03-10 08:46:14,0 days 00:07:31
865,2024-03-10 09:42:11,2024-03-10 09:54:05,0 days 00:11:54
866,2024-03-10 09:58:29,2024-03-10 10:19:42,0 days 00:21:13
867,2024-03-10 10:36:22,2024-03-10 11:03:36,0 days 00:27:14
868,2024-03-10 11:29:37,2024-03-10 11:33:12,0 days 00:03:35
869,2024-03-10 11:44:29,2024-03-10 11:48:11,0 days 00:03:42
870,2024-03-10 12:12:15,2024-03-10 12:33:14,0 days 00:20:59
871,2024-03-10 12:54:11,2024-03-10 13:21:11,0 days 00:27:00
872,2024-03-10 15:57:57,2024-03-10 17:22:02,0 days 01:24:05
873,2024-03-10 17:42:58,2024-03-10 19:15:58,0 days 01:33:00
874,2024-03-10 22:17:35,2024-03-10 22:39:10,0 days 00:21:35
875,2024-03-11 01:33:35,2024-03-11 02:17:10,0 days 00:43:35
876,2024-03-11 03:14:32,2024-03-11 03:46:27,0 days 00:31:55
877,2024-03-11 05:08:39,2024-03-11 05:47:38,0 days 00:38:59
878,2024-03-11 06:53:38,2024-03-11 07:17:50,0 days 00:24:12
879,2024-03-11 10:05:37,2024-03-11 10:46:57,0 days 00:41:20
880,2024-03-11 11:43:39,2024-03-11 11:49:31,0 days 00:05:52
881,2024-03-11 12:26:32,2024-03-11 12:50:56,0 days 00:24:24
882,2024-03-11 12:56:28,2024-03-11 13:14:25,0 days 00:17:57
883,2024-03-11 13:17:34,2024-03-11 13:57:50,0 days 00:40:16
884,2024-03-11 14:26:39,2024-03-11 14:31:43,0 days 00:05:04
885,2024-03-11 15:10:05,2024-03-11 15:37:41,0 days 00:27:36
886,2024-03-11 16:17:33,2024-03-11 16:46:39,0 days 00:29:06
887,2024-03-11 17:29:29,2024-03-11 19:23:18,0 days 01:53:49
888,2024-03-11 20:01:41,2024-03-11 20:23:33,0 days 00:21:52
889,2024-03-11 20:58:33,2024-03-11 21:30:59,0 days 00:32:26
890,2024-03-11 23:26:38,2024-03-11 23:42:57,0 days 00:16:19
891,2024-03-12 00:20:34,2024-03-12 02:08:23,0 days 01:47:49
892,2024-03-12 02:38:18,2024-03-12 03:29:46,0 days 00:51:28
893,2024-03-12 04:02:36,2024-03-12 04:28:07,0 days 00:25:31
894,2024-03-12 04:53:39,2024-03-12 07:25:02,0 days 02:31:23
895,2024-03-12 07:53:36,2024-03-12 08:11:23,0 days 00:17:47
896,2024-03-12 08:57:57,2024-03-12 09:46:26,0 days 00:48:29
897,2024-03-12 10:20:37,2024-03-12 10:26:00,0 days 00:05:23
898,2024-03-12 10:59:36,2024-03-12 11:39:51,0 days 00:40:15
899,2024-03-12 12:05:37,2024-03-12 12:27:10,0 days 00:21:33
900,2024-03-12 12:56:42,2024-03-12 13:27:05,0 days 00:30:23
901,2024-03-12 14:25:10,2024-03-12 14:37:11,0 days 00:12:01
902,2024-03-12 14:58:29,2024-03-12 16:10:30,0 days 01:12:01
903,2024-03-12 16:13:26,2024-03-12 16:55:32,0 days 00:42:06
904,2024-03-12 17:02:38,2024-03-12 19:43:57,0 days 02:41:19
905,2024-03-12 20:02:36,2024-03-12 20:12:32,0 days 00:09:56
906,2024-03-12 20:35:39,2024-03-12 20:50:59,0 days 00:15:20
907,2024-03-12 22:32:56,2024-03-12 22:41:57,0 days 00:09:01
908,2024-03-12 22:44:52,2024-03-12 23:20:27,0 days 00:35:35
909,2024-03-13 00:08:38,2024-03-13 00:39:33,0 days 00:30:55
910,2024-03-13 00:50:38,2024-03-13 00:56:01,0 days 00:05:23
911,2024-03-13 01:24:45,2024-03-13 02:16:20,0 days 00:51:35
912,2024-03-13 02:44:18,2024-03-13 03:00:43,0 days 00:16:25
913,2024-03-13 03:38:38,2024-03-13 03:53:23,0 days 00:14:45
914,2024-03-13 03:58:43,2024-03-13 03:59:23,0 days 00:00:40
915,2024-03-13 04:04:30,2024-03-13 04:26:00,0 days 00:21:30
916,2024-03-13 05:08:44,2024-03-13 05:13:15,0 days 00:04:31
917,2024-03-13 05:17:40,2024-03-13 05:20:41,0 days 00:03:01
918,2024-03-13 06:02:36,2024-03-13 07:21:21,0 days 01:18:45
919,2024-03-13 07:29:35,2024-03-13 07:47:56,0 days 00:18:21
920,2024-03-13 08:24:14,2024-03-13 08:53:45,0 days 00:29:31
921,2024-03-13 09:17:35,2024-03-13 09:21:23,0 days 00:03:48
922,2024-03-13 09:23:45,2024-03-13 09:29:27,0 days 00:05:42
923,2024-03-13 09:32:40,2024-03-13 09:38:41,0 days 00:06:01
924,2024-03-13 09:47:43,2024-03-13 10:08:41,0 days 00:20:58
925,2024-03-13 11:24:41,2024-03-13 11:38:52,0 days 00:14:11
926,2024-03-13 11:44:40,2024-03-13 13:13:46,0 days 01:29:06
927,2024-03-13 13:44:37,2024-03-13 13:52:08,0 days 00:07:31
928,2024-03-13 13:59:37,2024-03-13 14:08:40,0 days 00:09:03
929,2024-03-13 14:20:40,2024-03-13 15:14:49,0 days 00:54:09
930,2024-03-13 15:23:59,2024-03-13 15:38:54,0 days 00:14:55
931,2024-03-13 15:50:40,2024-03-13 18:25:31,0 days 02:34:51
932,2024-03-13 19:14:37,2024-03-13 19:32:37,0 days 00:18:00
933,2024-03-13 20:08:39,2024-03-13 20:25:47,0 days 00:17:08
934,2024-03-13 21:47:44,2024-03-13 22:59:39,0 days 01:11:55
935,2024-03-13 23:23:41,2024-03-13 23:26:39,0 days 00:02:58
936,2024-03-13 23:50:46,2024-03-14 00:10:26,0 days 00:19:40
937,2024-03-14 00:35:39,2024-03-14 01:33:12,0 days 00:57:33
938,2024-03-14 01:41:37,2024-03-14 02:11:38,0 days 00:30:01
939,2024-03-14 02:23:38,2024-03-14 03:35:41,0 days 01:12:03
940,2024-03-14 04:14:47,2024-03-14 04:39:23,0 days 00:24:36
941,2024-03-14 06:25:34,2024-03-14 08:40:34,0 days 02:15:00
942,2024-03-14 09:11:49,2024-03-14 09:33:11,0 days 00:21:22
943,2024-03-14 10:08:41,2024-03-14 10:17:21,0 days 00:08:40
944,2024-03-14 10:56:41,2024-03-14 11:03:34,0 days 00:06:53
945,2024-03-14 11:30:46,2024-03-14 11:50:43,0 days 00:19:57
946,2024-03-14 11:53:43,2024-03-14 12:47:47,0 days 00:54:04
947,2024-03-14 13:02:38,2024-03-14 13:56:38,0 days 00:54:00
948,2024-03-14 15:26:42,2024-03-14 16:40:43,0 days 01:14:01
949,2024-03-14 17:35:40,2024-03-14 18:14:41,0 days 00:39:01
950,2024-03-14 19:50:40,2024-03-14 20:32:20,0 days 00:41:40
951,2024-03-14 21:32:40,2024-03-14 21:47:41,0 days 00:15:01
952,2024-03-14 22:47:42,2024-03-15 00:11:41,0 days 01:23:59
953,2024-03-15 00:41:41,2024-03-15 00:44:41,0 days 00:03:00
954,2024-03-15 01:05:45,2024-03-15 04:38:43,0 days 03:32:58
955,2024-03-15 05:02:39,2024-03-15 05:11:39,0 days 00:09:00
956,2024-03-15 05:20:42,2024-03-15 06:11:44,0 days 00:51:02
957,2024-03-15 06:44:44,2024-03-15 07:14:43,0 days 00:29:59
958,2024-03-15 07:59:49,2024-03-15 10:09:41,0 days 02:09:52
959,2024-03-15 10:23:42,2024-03-15 10:29:49,0 days 00:06:07
960,2024-03-15 10:59:43,2024-03-15 11:08:45,0 days 00:09:02
961,2024-03-15 11:24:06,2024-03-15 11:44:35,0 days 00:20:29
962,2024-03-15 12:32:43,2024-03-15 12:46:37,0 days 00:13:54
963,2024-03-15 12:59:42,2024-03-15 13:12:38,0 days 00:12:56
964,2024-03-15 13:23:41,2024-03-15 13:53:04,0 days 00:29:23
965,2024-03-15 14:23:45,2024-03-15 14:34:08,0 days 00:10:23
966,2024-03-15 14:56:42,2024-03-15 14:59:06,0 days 00:02:24
967,2024-03-15 15:38:42,2024-03-15 15:57:49,0 days 00:19:07
968,2024-03-15 16:03:50,2024-03-15 16:27:51,0 days 00:24:01
969,2024-03-15 16:35:50,2024-03-15 16:59:04,0 days 00:23:14
970,2024-03-15 17:02:42,2024-03-15 17:05:43,0 days 00:03:01
971,2024-03-15 17:26:45,2024-03-15 17:29:15,0 days 00:02:30
972,2024-03-15 20:33:44,2024-03-15 22:03:50,0 days 01:30:06
973,2024-03-15 22:25:52,2024-03-15 22:46:49,0 days 00:20:57
974,2024-03-15 23:13:54,2024-03-15 23:27:56,0 days 00:14:02
975,2024-03-16 00:04:51,2024-03-16 01:30:30,0 days 01:25:39
976,2024-03-16 02:07:50,2024-03-16 02:12:48,0 days 00:04:58
977,2024-03-16 02:25:51,2024-03-16 02:33:54,0 days 00:08:03
978,2024-03-16 02:36:50,2024-03-16 02:48:50,0 days 00:12:00
979,2024-03-16 03:04:07,2024-03-16 03:13:10,0 days 00:09:03
980,2024-03-16 03:16:51,2024-03-16 03:19:09,0 days 00:02:18
981,2024-03-16 03:25:51,2024-03-16 03:34:11,0 days 00:08:20
982,2024-03-16 03:37:51,2024-03-16 04:43:08,0 days 01:05:17
983,2024-03-16 04:46:52,2024-03-16 04:49:09,0 days 00:02:17
984,2024-03-16 04:52:53,2024-03-16 05:14:03,0 days 00:21:10
985,2024-03-16 05:46:59,2024-03-16 05:58:57,0 days 00:11:58
986,2024-03-16 06:01:56,2024-03-16 07:08:51,0 days 01:06:55
987,2024-03-16 08:37:04,2024-03-16 08:42:10,0 days 00:05:06
988,2024-03-16 09:30:09,2024-03-16 09:47:54,0 days 00:17:45
989,2024-03-16 12:28:51,2024-03-16 12:49:50,0 days 00:20:59
990,2024-03-16 13:31:14,2024-03-16 14:06:31,0 days 00:35:17
991,2024-03-16 16:52:51,2024-03-16 16:56:12,0 days 00:03:21
992,2024-03-16 17:01:59,2024-03-16 17:08:12,0 days 00:06:13
993,2024-03-16 17:10:55,2024-03-16 17:17:01,0 days 00:06:06
994,2024-03-16 18:00:28,2024-03-16 18:21:34,0 days 00:21:06
995,2024-03-16 18:48:26,2024-03-16 18:57:25,0 days 00:08:59
996,2024-03-16 19:35:23,2024-03-16 20:29:21,0 days 00:53:58
997,2024-03-16 21:01:48,2024-03-16 21:04:48,0 days 00:03:00
998,2024-03-16 21:07:57,2024-03-16 21:11:41,0 days 00:03:44
999,2024-03-16 21:38:34,2024-03-16 22:02:36,0 days 00:24:02
1000,2024-03-16 22:04:49,2024-03-16 22:13:50,0 days 00:09:01
1001,2024-03-16 22:53:14,2024-03-16 23:59:14,0 days 01:06:00
1002,2024-03-17 00:20:16,2024-03-17 00:41:16,0 days 00:21:00
1003,2024-03-17 01:05:18,2024-03-17 01:19:24,0 days 00:14:06
1004,2024-03-17 01:46:52,2024-03-17 01:59:11,0 days 00:12:19
1005,2024-03-17 03:13:56,2024-03-17 04:46:22,0 days 01:32:26
1006,2024-03-17 06:25:27,2024-03-17 07:52:31,0 days 01:27:04
1007,2024-03-17 09:04:22,2024-03-17 09:24:32,0 days 00:20:10
1008,2024-03-17 11:52:52,2024-03-17 12:06:18,0 days 00:13:26
1009,2024-03-17 12:33:22,2024-03-17 12:54:22,0 days 00:21:00
1010,2024-03-17 13:58:55,2024-03-17 14:14:00,0 days 00:15:05
1011,2024-03-17 15:22:57,2024-03-17 15:25:25,0 days 00:02:28
1012,2024-03-17 15:28:53,2024-03-17 15:31:28,0 days 00:02:35
1013,2024-03-17 16:25:41,2024-03-17 17:10:41,0 days 00:45:00
1014,2024-03-17 17:31:42,2024-03-17 17:49:45,0 days 00:18:03
1015,2024-03-17 18:43:09,2024-03-17 18:53:31,0 days 00:10:22
1016,2024-03-17 20:22:48,2024-03-17 22:10:10,0 days 01:47:22
1017,2024-03-17 22:31:09,2024-03-17 22:35:12,0 days 00:04:03
1018,2024-03-17 23:07:52,2024-03-17 23:12:48,0 days 00:04:56
1019,2024-03-18 00:39:50,2024-03-18 00:57:02,0 days 00:17:12
1020,2024-03-18 01:19:55,2024-03-18 01:26:59,0 days 00:07:04
1021,2024-03-18 02:10:54,2024-03-18 02:31:54,0 days 00:21:00
1022,2024-03-18 03:01:54,2024-03-18 03:04:03,0 days 00:02:09
1023,2024-03-18 03:44:52,2024-03-18 04:32:48,0 days 00:47:56
1024,2024-03-18 06:01:54,2024-03-18 06:05:25,0 days 00:03:31
1025,2024-03-18 06:49:55,2024-03-18 08:07:28,0 days 01:17:33
1026,2024-03-18 08:34:55,2024-03-18 08:43:55,0 days 00:09:00
1027,2024-03-18 08:46:55,2024-03-18 08:54:46,0 days 00:07:51
1028,2024-03-18 09:32:42,2024-03-18 10:43:06,0 days 01:10:24
1029,2024-03-18 12:19:57,2024-03-18 12:42:09,0 days 00:22:12
1030,2024-03-18 13:19:55,2024-03-18 13:33:08,0 days 00:13:13
1031,2024-03-18 13:58:58,2024-03-18 14:08:01,0 days 00:09:03
1032,2024-03-18 14:47:02,2024-03-18 15:17:00,0 days 00:29:58
1033,2024-03-18 15:52:53,2024-03-18 15:56:51,0 days 00:03:58
1034,2024-03-18 17:52:09,2024-03-18 17:58:11,0 days 00:06:02
1035,2024-03-18 19:19:13,2024-03-18 19:22:13,0 days 00:03:00
1036,2024-03-18 19:55:52,2024-03-18 20:08:00,0 days 00:12:08
1037,2024-03-18 20:36:30,2024-03-18 21:24:29,0 days 00:47:59
1038,2024-03-18 22:25:37,2024-03-18 22:28:33,0 days 00:02:56
1039,2024-03-18 23:22:52,2024-03-18 23:31:32,0 days 00:08:40
1040,2024-03-18 23:55:49,2024-03-19 00:14:49,0 days 00:19:00
1041,2024-03-19 03:07:12,2024-03-19 04:16:08,0 days 01:08:56
1042,2024-03-19 04:42:03,2024-03-19 04:48:04,0 days 00:06:01
1043,2024-03-19 06:20:40,2024-03-19 07:02:39,0 days 00:41:59
1044,2024-03-19 07:23:40,2024-03-19 08:14:42,0 days 00:51:02
1045,2024-03-19 08:59:12,2024-03-19 09:23:12,0 days 00:24:00
1046,2024-03-19 10:04:56,2024-03-19 10:10:37,0 days 00:05:41
1047,2024-03-19 11:45:13,2024-03-19 12:01:53,0 days 00:16:40
1048,2024-03-19 12:24:39,2024-03-19 12:45:39,0 days 00:21:00
1049,2024-03-19 13:06:38,2024-03-19 14:06:40,0 days 01:00:02
1050,2024-03-19 14:30:33,2024-03-19 14:35:15,0 days 00:04:42
1051,2024-03-19 16:00:12,2024-03-19 16:42:15,0 days 00:42:03
1052,2024-03-19 18:52:59,2024-03-19 18:55:55,0 days 00:02:56
1053,2024-03-19 18:58:55,2024-03-19 19:20:31,0 days 00:21:36
1054,2024-03-19 19:34:40,2024-03-19 19:43:39,0 days 00:08:59
1055,2024-03-19 20:32:48,2024-03-19 20:38:52,0 days 00:06:04
1056,2024-03-20 00:56:00,2024-03-20 01:34:58,0 days 00:38:58
1057,2024-03-20 02:12:41,2024-03-20 02:33:38,0 days 00:20:57
1058,2024-03-20 02:58:58,2024-03-20 03:19:12,0 days 00:20:14
1059,2024-03-20 04:47:01,2024-03-20 05:13:07,0 days 00:26:06
1060,2024-03-20 06:56:01,2024-03-20 06:58:40,0 days 00:02:39
1061,2024-03-20 07:25:40,2024-03-20 07:31:22,0 days 00:05:42
1062,2024-03-20 08:04:25,2024-03-20 09:22:27,0 days 01:18:02
1063,2024-03-20 10:55:55,2024-03-20 10:59:33,0 days 00:03:38
1064,2024-03-20 11:01:55,2024-03-20 11:12:41,0 days 00:10:46
1065,2024-03-20 11:45:06,2024-03-20 11:55:41,0 days 00:10:35
1066,2024-03-20 12:52:18,2024-03-20 13:05:27,0 days 00:13:09
1067,2024-03-20 14:50:19,2024-03-20 15:11:21,0 days 00:21:02
1068,2024-03-20 15:35:24,2024-03-20 16:17:18,0 days 00:41:54
1069,2024-03-20 16:38:21,2024-03-20 18:06:26,0 days 01:28:05
1070,2024-03-20 18:36:48,2024-03-20 19:18:47,0 days 00:41:59
1071,2024-03-20 19:39:48,2024-03-20 20:20:45,0 days 00:40:57
1072,2024-03-20 22:33:55,2024-03-20 22:45:52,0 days 00:11:57
1073,2024-03-20 23:53:00,2024-03-20 23:55:39,0 days 00:02:39
1074,2024-03-21 00:01:59,2024-03-21 00:07:41,0 days 00:05:42
1075,2024-03-21 00:10:57,2024-03-21 00:16:57,0 days 00:06:00
1076,2024-03-21 00:28:59,2024-03-21 00:31:57,0 days 00:02:58
1077,2024-03-21 00:43:59,2024-03-21 00:47:06,0 days 00:03:07
1078,2024-03-21 00:59:03,2024-03-21 01:08:39,0 days 00:09:36
1079,2024-03-21 01:11:04,2024-03-21 01:32:38,0 days 00:21:34
1080,2024-03-21 01:38:36,2024-03-21 03:33:32,0 days 01:54:56
1081,2024-03-21 03:43:59,2024-03-21 04:04:36,0 days 00:20:37
1082,2024-03-21 04:07:35,2024-03-21 04:19:35,0 days 00:12:00
1083,2024-03-21 04:22:34,2024-03-21 04:28:31,0 days 00:05:57
1084,2024-03-21 04:34:33,2024-03-21 04:46:56,0 days 00:12:23
1085,2024-03-21 05:02:01,2024-03-21 05:14:47,0 days 00:12:46
1086,2024-03-21 05:20:05,2024-03-21 05:29:00,0 days 00:08:55
1087,2024-03-21 05:38:01,2024-03-21 05:52:59,0 days 00:14:58
1088,2024-03-21 06:20:02,2024-03-21 06:40:00,0 days 00:19:58
1089,2024-03-21 06:44:01,2024-03-21 07:05:02,0 days 00:21:01
1090,2024-03-21 07:13:57,2024-03-21 17:39:42,0 days 10:25:45
1091,2024-03-21 18:00:43,2024-03-21 19:36:43,0 days 01:36:00
1092,2024-03-21 19:59:03,2024-03-21 20:03:32,0 days 00:04:29
1093,2024-03-21 21:29:02,2024-03-21 21:31:54,0 days 00:02:52
1094,2024-03-21 22:20:53,2024-03-21 22:45:39,0 days 00:24:46
1095,2024-03-22 00:08:02,2024-03-22 00:22:33,0 days 00:14:31
1096,2024-03-22 00:47:11,2024-03-22 01:08:11,0 days 00:21:00
1097,2024-03-22 01:29:13,2024-03-22 02:27:17,0 days 00:58:04
1098,2024-03-22 04:50:01,2024-03-22 05:05:23,0 days 00:15:22
1099,2024-03-22 05:59:00,2024-03-22 06:14:09,0 days 00:15:09
1100,2024-03-22 06:53:25,2024-03-22 07:17:25,0 days 00:24:00
1101,2024-03-22 11:47:06,2024-03-22 11:50:49,0 days 00:03:43
1102,2024-03-22 12:20:03,2024-03-22 12:47:31,0 days 00:27:28
1103,2024-03-22 12:53:07,2024-03-22 13:13:09,0 days 00:20:02
1104,2024-03-22 13:56:00,2024-03-22 16:20:25,0 days 02:24:25
1105,2024-03-22 16:35:02,2024-03-22 16:37:58,0 days 00:02:56
1106,2024-03-22 17:14:01,2024-03-22 17:18:33,0 days 00:04:32
1107,2024-03-22 17:41:01,2024-03-22 17:47:17,0 days 00:06:16
1108,2024-03-22 18:56:04,2024-03-22 19:34:25,0 days 00:38:21
1109,2024-03-22 21:05:02,2024-03-22 21:43:54,0 days 00:38:52
1110,2024-03-22 23:08:07,2024-03-22 23:14:07,0 days 00:06:00
1111,2024-03-22 23:17:03,2024-03-22 23:19:43,0 days 00:02:40
1112,2024-03-23 00:23:08,2024-03-23 00:41:15,0 days 00:18:07
1113,2024-03-23 01:27:30,2024-03-23 01:33:59,0 days 00:06:29
1114,2024-03-23 02:50:04,2024-03-23 05:48:32,0 days 02:58:28
1115,2024-03-23 06:02:02,2024-03-23 06:17:23,0 days 00:15:21
1116,2024-03-23 06:22:33,2024-03-23 07:52:16,0 days 01:29:43
1117,2024-03-23 08:14:01,2024-03-23 08:41:29,0 days 00:27:28
1118,2024-03-23 08:44:04,2024-03-23 13:38:01,0 days 04:53:57
1119,2024-03-23 15:11:22,2024-03-23 17:23:11,0 days 02:11:49
1120,2024-03-23 17:44:04,2024-03-23 18:12:49,0 days 00:28:45
1121,2024-03-23 18:38:03,2024-03-23 18:41:06,0 days 00:03:03
1122,2024-03-23 18:44:05,2024-03-23 18:53:48,0 days 00:09:43
1123,2024-03-23 18:56:05,2024-03-23 19:02:52,0 days 00:06:47
1124,2024-03-23 19:08:05,2024-03-23 19:14:05,0 days 00:06:00
1125,2024-03-23 19:35:03,2024-03-23 19:54:13,0 days 00:19:10
1126,2024-03-23 20:02:06,2024-03-23 20:12:54,0 days 00:10:48
1127,2024-03-23 21:16:21,2024-03-23 21:40:30,0 days 00:24:09
1128,2024-03-23 22:08:06,2024-03-23 22:11:42,0 days 00:03:36
1129,2024-03-23 22:23:06,2024-03-23 22:28:35,0 days 00:05:29
1130,2024-03-24 00:11:06,2024-03-24 00:55:37,0 days 00:44:31
1131,2024-03-24 01:40:32,2024-03-24 02:07:55,0 days 00:27:23
1132,2024-03-24 02:29:37,2024-03-24 02:38:52,0 days 00:09:15
1133,2024-03-24 02:50:06,2024-03-24 03:13:55,0 days 00:23:49
1134,2024-03-24 03:26:08,2024-03-24 03:43:43,0 days 00:17:35
1135,2024-03-24 03:53:07,2024-03-24 03:57:07,0 days 00:04:00
1136,2024-03-24 04:05:05,2024-03-24 04:47:16,0 days 00:42:11
1137,2024-03-24 05:17:06,2024-03-24 05:51:30,0 days 00:34:24
1138,2024-03-24 06:05:04,2024-03-24 06:44:10,0 days 00:39:06
1139,2024-03-24 07:11:08,2024-03-24 07:23:04,0 days 00:11:56
1140,2024-03-24 08:26:05,2024-03-24 08:29:42,0 days 00:03:37
1141,2024-03-24 08:56:05,2024-03-24 09:01:00,0 days 00:04:55
1142,2024-03-24 09:05:03,2024-03-24 09:07:07,0 days 00:02:04
1143,2024-03-24 09:26:18,2024-03-24 09:41:16,0 days 00:14:58
1144,2024-03-24 09:44:19,2024-03-24 10:35:54,0 days 00:51:35
1145,2024-03-24 11:22:29,2024-03-24 11:48:33,0 days 00:26:04
1146,2024-03-24 12:20:03,2024-03-24 12:28:03,0 days 00:08:00
1147,2024-03-24 12:53:03,2024-03-24 12:55:39,0 days 00:02:36
1148,2024-03-24 13:14:04,2024-03-24 13:20:39,0 days 00:06:35
1149,2024-03-24 13:44:05,2024-03-24 13:49:59,0 days 00:05:54
1150,2024-03-24 13:53:07,2024-03-24 14:14:05,0 days 00:20:58
1151,2024-03-24 14:23:06,2024-03-24 14:25:33,0 days 00:02:27
1152,2024-03-24 14:35:05,2024-03-24 14:57:35,0 days 00:22:30
1153,2024-03-24 16:17:04,2024-03-24 16:21:00,0 days 00:03:56
1154,2024-03-24 16:24:02,2024-03-24 18:10:03,0 days 01:46:01
1155,2024-03-24 18:47:09,2024-03-24 18:50:58,0 days 00:03:49
1156,2024-03-24 19:05:04,2024-03-24 19:14:38,0 days 00:09:34
1157,2024-03-24 19:29:05,2024-03-24 19:33:14,0 days 00:04:09
1158,2024-03-24 19:40:04,2024-03-24 19:53:05,0 days 00:13:01
1159,2024-03-24 20:14:05,2024-03-24 20:35:04,0 days 00:20:59
1160,2024-03-24 20:40:34,2024-03-24 21:13:20,0 days 00:32:46
1161,2024-03-24 21:17:08,2024-03-24 21:28:15,0 days 00:11:07
1162,2024-03-24 21:31:09,2024-03-24 21:44:48,0 days 00:13:39
1163,2024-03-24 22:08:03,2024-03-24 22:14:08,0 days 00:06:05
1164,2024-03-24 22:47:08,2024-03-24 23:14:30,0 days 00:27:22
1165,2024-03-24 23:44:07,2024-03-25 00:14:04,0 days 00:29:57
1166,2024-03-25 00:38:09,2024-03-25 01:24:55,0 days 00:46:46
1167,2024-03-25 02:35:12,2024-03-25 02:39:31,0 days 00:04:19
1168,2024-03-25 02:59:05,2024-03-25 03:05:49,0 days 00:06:44
1169,2024-03-25 03:08:09,2024-03-25 03:14:11,0 days 00:06:02
1170,2024-03-25 04:09:52,2024-03-25 08:52:00,0 days 04:42:08
1171,2024-03-25 10:20:33,2024-03-25 11:46:52,0 days 01:26:19
1172,2024-03-25 12:08:07,2024-03-25 13:40:53,0 days 01:32:46
1173,2024-03-25 14:11:07,2024-03-25 14:57:41,0 days 00:46:34
1174,2024-03-25 15:35:10,2024-03-25 15:39:44,0 days 00:04:34
1175,2024-03-25 16:44:13,2024-03-25 16:46:35,0 days 00:02:22
1176,2024-03-25 16:56:02,2024-03-25 18:41:00,0 days 01:44:58
1177,2024-03-25 19:14:08,2024-03-25 19:20:05,0 days 00:05:57
1178,2024-03-25 19:23:07,2024-03-25 19:26:04,0 days 00:02:57
1179,2024-03-25 19:32:08,2024-03-25 19:34:10,0 days 00:02:02
1180,2024-03-25 19:37:10,2024-03-25 21:27:59,0 days 01:50:49
1181,2024-03-25 21:54:59,2024-03-25 23:49:04,0 days 01:54:05
1182,2024-03-26 00:29:06,2024-03-26 00:31:24,0 days 00:02:18
1183,2024-03-26 00:50:11,2024-03-26 00:55:18,0 days 00:05:07
1184,2024-03-26 00:59:10,2024-03-26 01:04:16,0 days 00:05:06
1185,2024-03-26 02:08:07,2024-03-26 02:34:31,0 days 00:26:24
1186,2024-03-26 02:53:09,2024-03-26 03:04:06,0 days 00:10:57
1187,2024-03-26 03:26:09,2024-03-26 03:53:08,0 days 00:26:59
1188,2024-03-26 04:40:07,2024-03-26 05:19:12,0 days 00:39:05
1189,2024-03-26 05:53:07,2024-03-26 06:59:40,0 days 01:06:33
1190,2024-03-26 07:08:11,2024-03-26 07:20:52,0 days 00:12:41
1191,2024-03-26 08:18:06,2024-03-26 09:42:05,0 days 01:23:59
1192,2024-03-26 10:20:09,2024-03-26 10:26:11,0 days 00:06:02
1193,2024-03-26 10:29:08,2024-03-26 10:47:15,0 days 00:18:07
1194,2024-03-26 11:10:57,2024-03-26 14:10:05,0 days 02:59:08
1195,2024-03-26 15:29:38,2024-03-26 15:40:05,0 days 00:10:27
1196,2024-03-26 16:16:25,2024-03-26 17:27:42,0 days 01:11:17
1197,2024-03-26 18:05:08,2024-03-26 18:12:23,0 days 00:07:15
1198,2024-03-26 18:21:03,2024-03-26 19:42:19,0 days 01:21:16
1199,2024-03-26 19:59:09,2024-03-26 20:17:22,0 days 00:18:13
1200,2024-03-26 20:20:11,2024-03-26 20:26:38,0 days 00:06:27
1201,2024-03-26 20:29:09,2024-03-26 21:19:35,0 days 00:50:26
1202,2024-03-26 21:50:08,2024-03-26 22:00:21,0 days 00:10:13
1203,2024-03-26 23:02:09,2024-03-26 23:49:30,0 days 00:47:21
1204,2024-03-26 23:53:08,2024-03-26 23:55:27,0 days 00:02:19
1205,2024-03-27 01:01:45,2024-03-27 01:39:33,0 days 00:37:48
1206,2024-03-27 02:05:15,2024-03-27 02:07:43,0 days 00:02:28
1207,2024-03-27 02:27:56,2024-03-27 02:37:23,0 days 00:09:27
1208,2024-03-27 03:46:50,2024-03-27 04:02:09,0 days 00:15:19
1209,2024-03-27 04:20:12,2024-03-27 04:42:22,0 days 00:22:10
1210,2024-03-27 04:53:11,2024-03-27 04:57:18,0 days 00:04:07
1211,2024-03-27 05:29:13,2024-03-27 05:35:21,0 days 00:06:08
1212,2024-03-27 05:38:11,2024-03-27 07:35:58,0 days 01:57:47
1213,2024-03-27 07:51:48,2024-03-27 08:10:22,0 days 00:18:34
1214,2024-03-27 08:43:46,2024-03-27 09:28:24,0 days 00:44:38
1215,2024-03-27 10:23:11,2024-03-27 10:29:34,0 days 00:06:23
1216,2024-03-27 11:11:09,2024-03-27 11:53:13,0 days 00:42:04
1217,2024-03-27 13:05:12,2024-03-27 15:58:10,0 days 02:52:58
1218,2024-03-27 16:29:12,2024-03-27 16:34:32,0 days 00:05:20
1219,2024-03-27 16:56:15,2024-03-27 17:00:55,0 days 00:04:40
1220,2024-03-27 17:50:12,2024-03-27 18:31:39,0 days 00:41:27
1221,2024-03-27 18:55:43,2024-03-27 20:05:09,0 days 01:09:26
1222,2024-03-27 20:26:07,2024-03-27 21:32:07,0 days 01:06:00
1223,2024-03-27 21:53:10,2024-03-27 22:42:29,0 days 00:49:19
1224,2024-03-27 22:53:13,2024-03-27 23:07:39,0 days 00:14:26
1225,2024-03-27 23:29:11,2024-03-27 23:34:41,0 days 00:05:30
1226,2024-03-28 00:02:24,2024-03-28 00:13:42,0 days 00:11:18
1227,2024-03-28 00:47:11,2024-03-28 00:55:37,0 days 00:08:26
1228,2024-03-28 01:11:11,2024-03-28 01:14:13,0 days 00:03:02
1229,2024-03-28 01:17:15,2024-03-28 03:11:12,0 days 01:53:57
1230,2024-03-28 04:32:29,2024-03-28 04:53:08,0 days 00:20:39
1231,2024-03-28 05:47:02,2024-03-28 05:49:51,0 days 00:02:49
1232,2024-03-28 07:20:56,2024-03-28 08:08:57,0 days 00:48:01
1233,2024-03-28 09:49:45,2024-03-28 10:10:57,0 days 00:21:12
1234,2024-03-28 10:37:40,2024-03-28 10:40:02,0 days 00:02:22
1235,2024-03-28 12:51:48,2024-03-28 13:53:40,0 days 01:01:52
1236,2024-03-28 23:27:57,2024-03-28 23:31:44,0 days 00:03:47
1237,2024-03-28 23:55:11,2024-03-29 00:18:36,0 days 00:23:25
1238,2024-03-29 00:39:33,2024-03-29 01:00:35,0 days 00:21:02
1239,2024-03-29 01:21:34,2024-03-29 02:33:33,0 days 01:11:59
1240,2024-03-29 02:55:55,2024-03-29 03:58:09,0 days 01:02:14
1241,2024-03-29 04:21:03,2024-03-29 06:30:29,0 days 02:09:26
1242,2024-03-29 09:04:07,2024-03-29 09:11:29,0 days 00:07:22
1243,2024-03-29 09:58:08,2024-03-29 11:58:08,0 days 02:00:00
1244,2024-03-29 12:19:10,2024-03-29 13:22:05,0 days 01:02:55
1245,2024-03-29 13:47:03,2024-03-29 14:31:08,0 days 00:44:05
1246,2024-03-29 14:52:08,2024-03-29 15:34:48,0 days 00:42:40
1247,2024-03-29 18:04:11,2024-03-29 18:08:03,0 days 00:03:52
1248,2024-03-29 18:19:08,2024-03-29 18:23:03,0 days 00:03:55
1249,2024-03-29 19:40:08,2024-03-29 19:42:45,0 days 00:02:37
1250,2024-03-29 20:05:04,2024-03-29 20:08:10,0 days 00:03:06
1251,2024-03-29 21:13:25,2024-03-29 21:34:24,0 days 00:20:59
1252,2024-03-29 23:44:04,2024-03-30 00:31:57,0 days 00:47:53
1253,2024-03-30 00:53:01,2024-03-30 01:34:59,0 days 00:41:58
1254,2024-03-30 01:56:03,2024-03-30 02:59:04,0 days 01:03:01
1255,2024-03-30 04:28:12,2024-03-30 06:15:57,0 days 01:47:45
1256,2024-03-30 09:34:13,2024-03-30 09:52:01,0 days 00:17:48
1257,2024-03-30 12:25:03,2024-03-30 14:37:04,0 days 02:12:01
1258,2024-03-30 15:42:58,2024-03-30 16:46:00,0 days 01:03:02
1259,2024-03-30 17:21:07,2024-03-30 17:40:17,0 days 00:19:10
1260,2024-03-30 18:34:12,2024-03-30 18:39:36,0 days 00:05:24
1261,2024-03-30 19:25:11,2024-03-30 20:35:27,0 days 01:10:16
1262,2024-03-30 20:52:13,2024-03-30 21:01:47,0 days 00:09:34
1263,2024-03-30 21:29:28,2024-03-30 21:55:15,0 days 00:25:47
1264,2024-03-31 02:28:14,2024-03-31 02:34:41,0 days 00:06:27
1265,2024-03-31 03:39:38,2024-03-31 04:17:37,0 days 00:37:59
1266,2024-03-31 05:44:16,2024-03-31 06:01:59,0 days 00:17:43
1267,2024-03-31 07:15:19,2024-03-31 07:53:29,0 days 00:38:10
1268,2024-03-31 09:28:15,2024-03-31 10:10:07,0 days 00:41:52
1269,2024-03-31 10:31:09,2024-03-31 11:48:35,0 days 01:17:26
1270,2024-03-31 12:22:09,2024-03-31 12:41:35,0 days 00:19:26
1271,2024-03-31 13:19:00,2024-03-31 13:40:00,0 days 00:21:00
1272,2024-03-31 14:01:03,2024-03-31 15:17:09,0 days 01:16:06
1273,2024-03-31 16:09:11,2024-03-31 16:17:21,0 days 00:08:10
1274,2024-03-31 17:48:50,2024-03-31 18:09:53,0 days 00:21:03
1275,2024-03-31 18:30:51,2024-03-31 18:45:53,0 days 00:15:02
1276,2024-03-31 19:10:15,2024-03-31 19:13:16,0 days 00:03:01
1277,2024-03-31 19:19:15,2024-03-31 19:22:56,0 days 00:03:41
1278,2024-03-31 19:43:54,2024-03-31 19:46:55,0 days 00:03:01
1279,2024-03-31 20:11:27,2024-03-31 20:28:26,0 days 00:16:59
1280,2024-03-31 22:52:13,2024-03-31 23:29:16,0 days 00:37:03
1281,2024-03-31 23:49:14,2024-03-31 23:52:59,0 days 00:03:45
1282,2024-04-01 01:03:10,2024-04-01 01:11:23,0 days 00:08:13
1283,2024-04-01 03:22:15,2024-04-01 03:24:38,0 days 00:02:23
1284,2024-04-01 04:27:21,2024-04-01 05:12:29,0 days 00:45:08
1285,2024-04-01 06:37:46,2024-04-01 07:22:46,0 days 00:45:00
1286,2024-04-01 08:07:40,2024-04-01 08:16:46,0 days 00:09:06
1287,2024-04-01 10:13:58,2024-04-01 11:46:58,0 days 01:33:00
1288,2024-04-01 12:55:57,2024-04-01 13:30:53,0 days 00:34:56
1289,2024-04-01 14:40:10,2024-04-01 15:43:13,0 days 01:03:03
1290,2024-04-01 16:25:13,2024-04-01 16:46:16,0 days 00:21:03
1291,2024-04-01 17:49:19,2024-04-01 17:53:16,0 days 00:03:57
1292,2024-04-01 17:55:17,2024-04-01 18:27:15,0 days 00:31:58
1293,2024-04-01 18:51:57,2024-04-01 19:14:47,0 days 00:22:50
1294,2024-04-01 19:39:29,2024-04-01 19:49:41,0 days 00:10:12
1295,2024-04-01 20:01:17,2024-04-01 20:05:04,0 days 00:03:47
1296,2024-04-01 21:59:43,2024-04-01 22:22:25,0 days 00:22:42
1297,2024-04-01 22:44:49,2024-04-01 23:05:47,0 days 00:20:58
1298,2024-04-02 00:53:43,2024-04-02 01:14:46,0 days 00:21:03
1299,2024-04-02 02:34:21,2024-04-02 02:43:36,0 days 00:09:15
1300,2024-04-02 03:18:58,2024-04-02 03:37:00,0 days 00:18:02
1301,2024-04-02 05:40:19,2024-04-02 06:16:43,0 days 00:36:24
1302,2024-04-02 07:20:26,2024-04-02 07:28:19,0 days 00:07:53
1303,2024-04-02 07:55:10,2024-04-02 07:57:53,0 days 00:02:43
1304,2024-04-02 08:46:19,2024-04-02 09:11:01,0 days 00:24:42
1305,2024-04-02 09:46:19,2024-04-02 11:16:04,0 days 01:29:45
1306,2024-04-02 11:40:03,2024-04-02 12:48:27,0 days 01:08:24
1307,2024-04-02 15:17:42,2024-04-02 18:44:39,0 days 03:26:57
1308,2024-04-02 20:37:07,2024-04-02 20:43:07,0 days 00:06:00
1309,2024-04-02 21:14:35,2024-04-02 23:44:37,0 days 02:30:02
1310,2024-04-03 01:25:19,2024-04-03 02:10:17,0 days 00:44:58
1311,2024-04-03 02:45:16,2024-04-03 02:57:18,0 days 00:12:02
1312,2024-04-03 03:29:42,2024-04-03 03:58:08,0 days 00:28:26
1313,2024-04-03 06:04:18,2024-04-03 06:20:29,0 days 00:16:11
1314,2024-04-03 06:45:27,2024-04-03 07:04:28,0 days 00:19:01
1315,2024-04-03 07:34:25,2024-04-03 08:35:46,0 days 01:01:21
1316,2024-04-03 09:32:14,2024-04-03 09:56:17,0 days 00:24:03
1317,2024-04-03 10:10:24,2024-04-03 10:15:48,0 days 00:05:24
1318,2024-04-03 10:37:26,2024-04-03 13:12:38,0 days 02:35:12
1319,2024-04-03 13:39:36,2024-04-03 14:26:39,0 days 00:47:03
1320,2024-04-03 15:04:19,2024-04-03 15:18:43,0 days 00:14:24
1321,2024-04-03 17:14:00,2024-04-03 17:26:26,0 days 00:12:26
1322,2024-04-03 17:37:21,2024-04-03 18:00:09,0 days 00:22:48
1323,2024-04-03 18:43:20,2024-04-03 18:57:21,0 days 00:14:01
1324,2024-04-03 19:28:19,2024-04-03 19:48:55,0 days 00:20:36
1325,2024-04-03 20:38:49,2024-04-03 20:59:38,0 days 00:20:49
1326,2024-04-03 22:02:40,2024-04-03 22:29:55,0 days 00:27:15
1327,2024-04-03 23:01:19,2024-04-03 23:07:21,0 days 00:06:02
1328,2024-04-03 23:22:19,2024-04-04 00:56:04,0 days 01:33:45
1329,2024-04-04 01:02:05,2024-04-04 01:49:14,0 days 00:47:09
1330,2024-04-04 02:22:20,2024-04-04 02:46:19,0 days 00:23:59
1331,2024-04-04 03:04:20,2024-04-04 05:25:56,0 days 02:21:36
1332,2024-04-04 06:16:23,2024-04-04 06:28:19,0 days 00:11:56
1333,2024-04-04 06:31:23,2024-04-04 06:45:42,0 days 00:14:19
1334,2024-04-04 06:48:51,2024-04-04 07:23:25,0 days 00:34:34
1335,2024-04-04 07:55:21,2024-04-04 08:08:40,0 days 00:13:19
1336,2024-04-04 08:16:00,2024-04-04 09:15:09,0 days 00:59:09
1337,2024-04-04 09:19:20,2024-04-04 11:45:47,0 days 02:26:27
1338,2024-04-04 11:58:27,2024-04-04 12:17:49,0 days 00:19:22
1339,2024-04-04 12:43:24,2024-04-04 13:22:07,0 days 00:38:43
1340,2024-04-04 13:31:24,2024-04-04 13:34:58,0 days 00:03:34
1341,2024-04-04 13:43:20,2024-04-04 13:46:26,0 days 00:03:06
1342,2024-04-04 13:55:21,2024-04-04 14:44:26,0 days 00:49:05
1343,2024-04-04 15:04:23,2024-04-04 15:19:05,0 days 00:14:42
1344,2024-04-04 15:28:28,2024-04-04 16:40:25,0 days 01:11:57
1345,2024-04-04 17:01:24,2024-04-04 17:25:30,0 days 00:24:06
1346,2024-04-04 17:31:22,2024-04-04 17:50:07,0 days 00:18:45
1347,2024-04-04 18:49:23,2024-04-04 18:56:30,0 days 00:07:07
1348,2024-04-04 19:01:21,2024-04-04 19:47:21,0 days 00:46:00
1349,2024-04-04 19:56:26,2024-04-04 20:17:23,0 days 00:20:57
1350,2024-04-04 20:55:21,2024-04-04 21:43:23,0 days 00:48:02
1351,2024-04-04 22:22:22,2024-04-05 00:22:33,0 days 02:00:11
1352,2024-04-05 00:43:23,2024-04-05 16:14:43,0 days 15:31:20
1353,2024-04-05 18:21:35,2024-04-05 18:29:45,0 days 00:08:10
1354,2024-04-05 18:58:25,2024-04-05 19:14:31,0 days 00:16:06
1355,2024-04-05 20:40:23,2024-04-05 20:43:55,0 days 00:03:32
1356,2024-04-05 20:58:27,2024-04-05 21:04:17,0 days 00:05:50
1357,2024-04-05 21:22:27,2024-04-05 21:26:28,0 days 00:04:01
1358,2024-04-05 21:43:24,2024-04-05 23:53:34,0 days 02:10:10
1359,2024-04-06 00:19:24,2024-04-06 01:49:21,0 days 01:29:57
1360,2024-04-06 03:03:34,2024-04-06 03:15:33,0 days 00:11:59
1361,2024-04-06 06:16:28,2024-04-06 06:18:48,0 days 00:02:20
1362,2024-04-06 07:49:34,2024-04-06 08:06:23,0 days 00:16:49
1363,2024-04-06 09:10:30,2024-04-06 09:13:43,0 days 00:03:13
1364,2024-04-06 10:22:26,2024-04-06 12:36:28,0 days 02:14:02
1365,2024-04-06 15:17:39,2024-04-06 15:25:53,0 days 00:08:14
1366,2024-04-06 15:58:26,2024-04-06 16:44:00,0 days 00:45:34
1367,2024-04-06 17:22:25,2024-04-06 18:35:40,0 days 01:13:15
1368,2024-04-06 18:56:44,2024-04-06 19:47:42,0 days 00:50:58
1369,2024-04-06 20:20:21,2024-04-06 20:27:39,0 days 00:07:18
1370,2024-04-06 21:40:25,2024-04-06 22:26:38,0 days 00:46:13
1371,2024-04-06 23:38:46,2024-04-06 23:50:49,0 days 00:12:03
1372,2024-04-07 00:13:25,2024-04-07 00:16:57,0 days 00:03:32
1373,2024-04-07 01:30:55,2024-04-07 01:42:52,0 days 00:11:57
1374,2024-04-07 04:13:28,2024-04-07 04:29:10,0 days 00:15:42
1375,2024-04-07 05:00:37,2024-04-07 05:21:40,0 days 00:21:03
1376,2024-04-07 07:17:12,2024-04-07 07:40:15,0 days 00:23:03
1377,2024-04-07 08:01:32,2024-04-07 08:05:21,0 days 00:03:49
1378,2024-04-07 09:55:05,2024-04-07 10:34:30,0 days 00:39:25
1379,2024-04-07 11:13:28,2024-04-07 11:16:26,0 days 00:02:58
1380,2024-04-07 11:28:27,2024-04-07 11:32:07,0 days 00:03:40
1381,2024-04-07 12:08:56,2024-04-07 12:35:56,0 days 00:27:00
1382,2024-04-07 12:40:29,2024-04-07 13:08:56,0 days 00:28:27
1383,2024-04-07 13:32:55,2024-04-07 15:16:05,0 days 01:43:10
1384,2024-04-07 17:04:34,2024-04-07 18:37:32,0 days 01:32:58
1385,2024-04-07 18:40:28,2024-04-07 18:43:27,0 days 00:02:59
1386,2024-04-07 19:07:31,2024-04-07 20:44:30,0 days 01:36:59
1387,2024-04-07 20:59:32,2024-04-07 21:41:32,0 days 00:42:00
1388,2024-04-07 21:56:31,2024-04-07 22:11:31,0 days 00:15:00
1389,2024-04-07 22:17:31,2024-04-07 23:01:33,0 days 00:44:02
1390,2024-04-07 23:29:32,2024-04-08 00:11:40,0 days 00:42:08
1391,2024-04-08 00:35:30,2024-04-08 00:41:04,0 days 00:05:34
1392,2024-04-08 00:44:36,2024-04-08 00:56:09,0 days 00:11:33
1393,2024-04-08 01:23:32,2024-04-08 02:06:24,0 days 00:42:52
1394,2024-04-08 02:56:30,2024-04-08 03:29:32,0 days 00:33:02
1395,2024-04-08 03:59:31,2024-04-08 04:14:40,0 days 00:15:09
1396,2024-04-08 04:29:29,2024-04-08 04:47:32,0 days 00:18:03
1397,2024-04-08 04:59:33,2024-04-08 05:14:32,0 days 00:14:59
1398,2024-04-08 05:38:34,2024-04-08 05:44:13,0 days 00:05:39
1399,2024-04-08 05:47:31,2024-04-08 05:52:04,0 days 00:04:33
1400,2024-04-08 06:07:30,2024-04-08 07:19:27,0 days 01:11:57
1401,2024-04-08 08:05:30,2024-04-08 08:17:05,0 days 00:11:35
1402,2024-04-08 08:35:35,2024-04-08 08:39:29,0 days 00:03:54
1403,2024-04-08 09:15:15,2024-04-08 09:56:33,0 days 00:41:18
1404,2024-04-08 11:20:33,2024-04-08 11:44:31,0 days 00:23:58
1405,2024-04-08 12:17:32,2024-04-08 12:38:33,0 days 00:21:01
1406,2024-04-08 12:41:36,2024-04-08 13:11:14,0 days 00:29:38
1407,2024-04-08 13:23:35,2024-04-08 14:57:24,0 days 01:33:49
1408,2024-04-08 15:05:31,2024-04-08 15:32:35,0 days 00:27:04
1409,2024-04-08 15:44:31,2024-04-08 16:11:34,0 days 00:27:03
1410,2024-04-08 16:14:31,2024-04-08 19:59:19,0 days 03:44:48
1411,2024-04-08 20:26:34,2024-04-08 20:45:02,0 days 00:18:28
1412,2024-04-08 21:08:33,2024-04-08 22:14:32,0 days 01:05:59
1413,2024-04-08 22:17:33,2024-04-08 22:29:21,0 days 00:11:48
1414,2024-04-08 22:35:32,2024-04-08 22:44:33,0 days 00:09:01
1415,2024-04-08 22:47:32,2024-04-08 23:38:33,0 days 00:51:01
1416,2024-04-09 00:05:35,2024-04-09 00:12:38,0 days 00:07:03
1417,2024-04-09 00:38:37,2024-04-09 01:00:16,0 days 00:21:39
1418,2024-04-09 01:50:32,2024-04-09 02:23:37,0 days 00:33:05
1419,2024-04-09 02:32:32,2024-04-09 02:40:32,0 days 00:08:00
1420,2024-04-09 02:56:33,2024-04-09 03:05:31,0 days 00:08:58
1421,2024-04-09 03:20:37,2024-04-09 03:51:48,0 days 00:31:11
1422,2024-04-09 04:08:36,2024-04-09 04:52:03,0 days 00:43:27
1423,2024-04-09 05:14:34,2024-04-09 05:23:47,0 days 00:09:13
1424,2024-04-09 05:38:36,2024-04-09 05:47:57,0 days 00:09:21
1425,2024-04-09 06:05:50,2024-04-09 06:11:56,0 days 00:06:06
1426,2024-04-09 06:14:36,2024-04-09 06:25:44,0 days 00:11:08
1427,2024-04-09 06:38:38,2024-04-09 06:44:33,0 days 00:05:55
1428,2024-04-09 06:47:33,2024-04-09 06:50:23,0 days 00:02:50
1429,2024-04-09 07:16:16,2024-04-09 10:29:40,0 days 03:13:24
1430,2024-04-09 11:43:43,2024-04-09 14:13:46,0 days 02:30:03
1431,2024-04-09 15:02:36,2024-04-09 15:32:34,0 days 00:29:58
1432,2024-04-09 16:05:36,2024-04-09 16:23:35,0 days 00:17:59
1433,2024-04-09 16:32:35,2024-04-09 18:19:26,0 days 01:46:51
1434,2024-04-09 19:20:34,2024-04-09 19:23:47,0 days 00:03:13
1435,2024-04-09 19:29:35,2024-04-09 19:35:45,0 days 00:06:10
1436,2024-04-09 23:29:19,2024-04-10 00:46:41,0 days 01:17:22
1437,2024-04-10 01:29:36,2024-04-10 01:55:13,0 days 00:25:37
1438,2024-04-10 02:08:33,2024-04-10 02:26:35,0 days 00:18:02
1439,2024-04-10 03:02:35,2024-04-10 03:20:54,0 days 00:18:19
1440,2024-04-10 03:32:35,2024-04-10 03:34:47,0 days 00:02:12
1441,2024-04-10 03:54:49,2024-04-10 07:47:58,0 days 03:53:09
1442,2024-04-10 08:17:35,2024-04-10 08:20:14,0 days 00:02:39
1443,2024-04-10 08:29:35,2024-04-10 08:42:29,0 days 00:12:54
1444,2024-04-10 10:09:13,2024-04-10 10:44:21,0 days 00:35:08
1445,2024-04-10 12:00:38,2024-04-10 12:19:09,0 days 00:18:31
1446,2024-04-10 12:32:35,2024-04-10 12:34:39,0 days 00:02:04
1447,2024-04-10 14:19:28,2024-04-10 14:25:33,0 days 00:06:05
1448,2024-04-10 15:05:38,2024-04-10 15:15:54,0 days 00:10:16
1449,2024-04-10 15:35:39,2024-04-10 17:27:18,0 days 01:51:39
1450,2024-04-10 17:47:40,2024-04-10 17:56:09,0 days 00:08:29
1451,2024-04-10 18:47:35,2024-04-10 18:59:34,0 days 00:11:59
1452,2024-04-10 19:29:38,2024-04-10 19:56:26,0 days 00:26:48
1453,2024-04-10 20:52:29,2024-04-10 21:37:31,0 days 00:45:02
1454,2024-04-10 21:58:31,2024-04-10 23:36:40,0 days 01:38:09
1455,2024-04-11 00:19:31,2024-04-11 01:08:37,0 days 00:49:06
1456,2024-04-11 01:29:45,2024-04-11 06:20:36,0 days 04:50:51
1457,2024-04-11 06:56:35,2024-04-11 07:17:39,0 days 00:21:04
1458,2024-04-11 07:26:39,2024-04-11 08:12:29,0 days 00:45:50
1459,2024-04-11 08:26:38,2024-04-11 09:15:19,0 days 00:48:41
1460,2024-04-11 10:41:38,2024-04-11 12:02:08,0 days 01:20:30
1461,2024-04-11 12:29:34,2024-04-11 12:41:31,0 days 00:11:57
1462,2024-04-11 14:14:38,2024-04-11 14:32:41,0 days 00:18:03
1463,2024-04-11 15:49:28,2024-04-11 16:29:40,0 days 00:40:12
1464,2024-04-11 18:05:28,2024-04-11 18:25:44,0 days 00:20:16
1465,2024-04-11 18:46:43,2024-04-11 19:49:46,0 days 01:03:03
1466,2024-04-11 20:10:45,2024-04-11 20:31:48,0 days 00:21:03
1467,2024-04-11 21:23:40,2024-04-11 21:39:21,0 days 00:15:41
1468,2024-04-11 22:51:56,2024-04-11 23:12:58,0 days 00:21:02
1469,2024-04-11 23:33:59,2024-04-11 23:47:37,0 days 00:13:38
1470,2024-04-12 02:20:22,2024-04-12 02:33:27,0 days 00:13:05
1471,2024-04-12 04:51:42,2024-04-12 04:59:07,0 days 00:07:25
1472,2024-04-12 06:45:16,2024-04-12 08:54:12,0 days 02:08:56
1473,2024-04-12 09:39:10,2024-04-12 10:00:13,0 days 00:21:03
1474,2024-04-12 10:45:09,2024-04-12 11:06:04,0 days 00:20:55
1475,2024-04-12 12:47:04,2024-04-12 13:12:35,0 days 00:25:31
1476,2024-04-12 15:02:29,2024-04-12 15:23:29,0 days 00:21:00
1477,2024-04-12 15:44:25,2024-04-12 18:17:26,0 days 02:33:01
1478,2024-04-12 18:53:39,2024-04-12 18:55:53,0 days 00:02:14
1479,2024-04-12 19:08:40,2024-04-12 19:10:44,0 days 00:02:04
1480,2024-04-12 19:34:49,2024-04-12 19:55:51,0 days 00:21:02
1481,2024-04-12 21:22:25,2024-04-12 21:40:43,0 days 00:18:18
1482,2024-04-12 23:38:43,2024-04-13 00:15:43,0 days 00:37:00
1483,2024-04-13 02:05:23,2024-04-13 03:02:17,0 days 00:56:54
1484,2024-04-13 03:57:16,2024-04-13 04:06:11,0 days 00:08:55
1485,2024-04-13 04:54:21,2024-04-13 06:31:45,0 days 01:37:24
1486,2024-04-13 07:49:34,2024-04-13 08:03:47,0 days 00:14:13
1487,2024-04-13 09:01:37,2024-04-13 09:06:10,0 days 00:04:33
1488,2024-04-13 10:48:31,2024-04-13 11:08:36,0 days 00:20:05
1489,2024-04-13 11:38:45,2024-04-13 11:43:43,0 days 00:04:58
1490,2024-04-13 12:23:44,2024-04-13 15:11:41,0 days 02:47:57
1491,2024-04-13 16:27:59,2024-04-13 16:48:59,0 days 00:21:00
1492,2024-04-13 17:03:57,2024-04-13 17:23:49,0 days 00:19:52
1493,2024-04-13 18:23:42,2024-04-13 18:27:09,0 days 00:03:27
1494,2024-04-13 18:55:24,2024-04-13 19:29:21,0 days 00:33:57
1495,2024-04-13 21:05:50,2024-04-13 22:05:53,0 days 01:00:03
1496,2024-04-13 22:29:42,2024-04-13 23:38:55,0 days 01:09:13
1497,2024-04-14 00:20:52,2024-04-14 07:20:53,0 days 07:00:01
1498,2024-04-14 07:41:51,2024-04-14 11:14:44,0 days 03:32:53
1499,2024-04-14 11:37:13,2024-04-14 15:10:19,0 days 03:33:06
1500,2024-04-14 15:31:19,2024-04-14 16:54:23,0 days 01:23:04
1501,2024-04-14 17:14:08,2024-04-14 19:29:11,0 days 02:15:03
1502,2024-04-14 19:50:10,2024-04-14 23:05:10,0 days 03:15:00
1503,2024-04-14 23:26:45,2024-04-15 03:20:11,0 days 03:53:26
1504,2024-04-15 03:41:49,2024-04-15 04:05:13,0 days 00:23:24
1505,2024-04-15 04:26:44,2024-04-16 01:20:36,0 days 20:53:52
1506,2024-04-16 01:53:19,2024-04-16 04:03:05,0 days 02:09:46
1507,2024-04-16 04:48:57,2024-04-16 10:47:58,0 days 05:59:01
1508,2024-04-16 11:16:04,2024-04-16 12:26:39,0 days 01:10:35
1509,2024-04-16 12:56:44,2024-04-16 19:57:54,0 days 07:01:10
1510,2024-04-16 20:42:46,2024-04-16 22:54:52,0 days 02:12:06
1511,2024-04-16 23:15:47,2024-04-16 23:36:53,0 days 00:21:06
1512,2024-04-16 23:57:47,2024-04-17 01:48:55,0 days 01:51:08
1513,2024-04-17 02:58:31,2024-04-17 04:24:02,0 days 01:25:31
1514,2024-04-17 05:09:17,2024-04-17 08:45:38,0 days 03:36:21
1515,2024-04-17 09:27:59,2024-04-17 09:54:12,0 days 00:26:13
1516,2024-04-17 10:31:39,2024-04-17 10:51:44,0 days 00:20:05
1517,2024-04-17 11:41:49,2024-04-17 11:46:54,0 days 00:05:05
1518,2024-04-17 11:57:00,2024-04-17 12:24:59,0 days 00:27:59
1519,2024-04-17 13:42:40,2024-04-17 13:49:18,0 days 00:06:38
1520,2024-04-17 15:38:26,2024-04-17 16:00:41,0 days 00:22:15
1521,2024-04-17 16:23:42,2024-04-17 18:18:04,0 days 01:54:22
1522,2024-04-17 21:02:04,2024-04-17 21:46:23,0 days 00:44:19
1523,2024-04-17 22:06:25,2024-04-17 22:30:01,0 days 00:23:36
1524,2024-04-18 08:30:43,2024-04-18 12:55:31,0 days 04:24:48
1525,2024-04-18 13:16:33,2024-04-18 14:41:41,0 days 01:25:08
1526,2024-04-18 15:06:44,2024-04-18 15:26:45,0 days 00:20:01
1527,2024-04-18 16:11:50,2024-04-18 21:12:19,0 days 05:00:29
1528,2024-04-18 22:32:27,2024-04-19 03:07:53,0 days 04:35:26
1529,2024-04-19 04:35:47,2024-04-19 04:47:01,0 days 00:11:14
1530,2024-04-19 06:04:05,2024-04-19 06:49:09,0 days 00:45:04
1531,2024-04-19 07:10:03,2024-04-19 07:15:29,0 days 00:05:26
1532,2024-04-19 07:58:21,2024-04-19 08:44:27,0 days 00:46:06
1533,2024-04-19 09:14:24,2024-04-19 09:19:09,0 days 00:04:45
1534,2024-04-19 09:54:49,2024-04-19 10:04:28,0 days 00:09:39
1535,2024-04-19 10:18:35,2024-04-19 10:36:47,0 days 00:18:12
1536,2024-04-19 10:58:38,2024-04-19 11:23:41,0 days 00:25:03
1537,2024-04-19 12:58:50,2024-04-19 13:30:55,0 days 00:32:05
1538,2024-04-19 15:04:02,2024-04-19 16:19:41,0 days 01:15:39
1539,2024-04-19 16:39:11,2024-04-19 16:44:12,0 days 00:05:01
1540,2024-04-19 17:14:15,2024-04-19 17:49:19,0 days 00:35:04
1541,2024-04-19 18:09:20,2024-04-19 18:29:22,0 days 00:20:02
1542,2024-04-19 19:09:26,2024-04-19 19:49:30,0 days 00:40:04
1543,2024-04-19 20:09:32,2024-04-19 20:34:34,0 days 00:25:02
1544,2024-04-19 21:09:38,2024-04-19 21:29:39,0 days 00:20:01
1545,2024-04-19 23:36:31,2024-04-20 00:35:34,0 days 00:59:03
1546,2024-04-20 01:15:01,2024-04-20 01:35:03,0 days 00:20:02
1547,2024-04-20 02:17:04,2024-04-20 03:10:50,0 days 00:53:46
1548,2024-04-20 03:25:14,2024-04-20 03:43:49,0 days 00:18:35
1549,2024-04-20 20:41:47,2024-04-20 21:31:52,0 days 00:50:05
1550,2024-04-20 22:21:57,2024-04-20 22:31:58,0 days 00:10:01
1551,2024-04-21 02:16:42,2024-04-21 02:23:59,0 days 00:07:17
1552,2024-04-21 07:03:34,2024-04-21 19:14:38,0 days 12:11:04
1553,2024-04-21 20:29:45,2024-04-21 23:24:54,0 days 02:55:09
1554,2024-04-21 23:44:55,2024-04-22 07:00:34,0 days 07:15:39
1555,2024-04-22 07:20:36,2024-04-22 08:20:41,0 days 01:00:05
1556,2024-04-22 08:40:43,2024-04-23 02:28:30,0 days 17:47:47
1557,2024-04-23 02:42:18,2024-04-23 03:52:24,0 days 01:10:06
1558,2024-04-23 04:48:38,2024-04-23 05:15:40,0 days 00:27:02
1559,2024-04-23 06:37:39,2024-04-23 06:48:36,0 days 00:10:57
1560,2024-04-23 09:13:44,2024-04-23 09:20:52,0 days 00:07:08
1561,2024-04-23 10:06:40,2024-04-23 10:27:59,0 days 00:21:19
1562,2024-04-23 10:48:01,2024-04-23 11:48:16,0 days 01:00:15
1563,2024-04-23 11:56:55,2024-04-23 12:08:53,0 days 00:11:58
1564,2024-04-23 13:42:20,2024-04-23 14:27:25,0 days 00:45:05
1565,2024-04-23 16:02:40,2024-04-23 17:07:17,0 days 01:04:37
1566,2024-04-23 17:53:01,2024-04-23 18:13:01,0 days 00:20:00
1567,2024-04-23 18:33:42,2024-04-23 19:18:16,0 days 00:44:34
1568,2024-04-23 19:58:21,2024-04-23 21:02:59,0 days 01:04:38
1569,2024-04-23 21:42:17,2024-04-23 21:54:11,0 days 00:11:54
1570,2024-04-23 22:19:53,2024-04-24 01:26:33,0 days 03:06:40
1571,2024-04-24 01:49:28,2024-04-24 02:33:35,0 days 00:44:07
1572,2024-04-24 02:59:48,2024-04-24 03:19:48,0 days 00:20:00
1573,2024-04-24 03:44:58,2024-04-24 04:19:34,0 days 00:34:36
1574,2024-04-24 06:15:09,2024-04-24 07:24:50,0 days 01:09:41
1575,2024-04-24 07:45:24,2024-04-24 08:14:55,0 days 00:29:31
1576,2024-04-24 09:11:01,2024-04-24 10:32:01,0 days 01:21:00
1577,2024-04-24 12:55:26,2024-04-24 13:11:28,0 days 00:16:02
1578,2024-04-24 14:45:29,2024-04-24 16:54:48,0 days 02:09:19
1579,2024-04-24 17:59:58,2024-04-24 18:47:52,0 days 00:47:54
1580,2024-04-24 20:00:36,2024-04-24 20:22:12,0 days 00:21:36
1581,2024-04-24 20:45:41,2024-04-24 21:06:03,0 days 00:20:22
1582,2024-04-24 21:28:14,2024-04-24 22:47:35,0 days 01:19:21
1583,2024-04-24 23:28:22,2024-04-24 23:37:25,0 days 00:09:03
1584,2024-04-25 02:31:03,2024-04-25 03:06:47,0 days 00:35:44
1585,2024-04-25 05:09:19,2024-04-25 05:48:54,0 days 00:39:35
1586,2024-04-25 07:09:54,2024-04-25 08:15:00,0 days 01:05:06
1587,2024-04-25 08:35:00,2024-04-25 10:45:25,0 days 02:10:25
1588,2024-04-25 13:06:48,2024-04-25 14:06:57,0 days 01:00:09
1589,2024-04-25 15:33:09,2024-04-25 15:53:19,0 days 00:20:10
1590,2024-04-25 16:23:34,2024-04-25 17:53:58,0 days 01:30:24
1591,2024-04-25 18:49:43,2024-04-25 19:04:39,0 days 00:14:56
1592,2024-04-25 19:33:59,2024-04-25 19:55:01,0 days 00:21:02
1593,2024-04-25 21:02:02,2024-04-25 21:33:05,0 days 00:31:03
1594,2024-04-25 22:06:21,2024-04-25 22:27:18,0 days 00:20:57
1595,2024-04-25 23:59:32,2024-04-26 01:27:29,0 days 01:27:57
1596,2024-04-26 03:37:43,2024-04-26 05:43:47,0 days 02:06:04
1597,2024-04-26 06:04:44,2024-04-26 06:07:25,0 days 00:02:41
1598,2024-04-26 07:11:58,2024-04-26 07:48:08,0 days 00:36:10
1599,2024-04-26 08:59:24,2024-04-26 10:03:00,0 days 01:03:36
1600,2024-04-26 10:53:18,2024-04-26 10:59:20,0 days 00:06:02
1601,2024-04-26 11:24:18,2024-04-26 11:48:16,0 days 00:23:58
1602,2024-04-26 12:47:25,2024-04-26 13:08:28,0 days 00:21:03
1603,2024-04-26 14:20:26,2024-04-26 14:41:26,0 days 00:21:00
1604,2024-04-26 15:02:26,2024-04-26 15:37:02,0 days 00:34:36
1605,2024-04-26 16:06:53,2024-04-26 16:15:52,0 days 00:08:59
1606,2024-04-26 19:04:28,2024-04-26 19:42:21,0 days 00:37:53
1607,2024-04-26 20:58:35,2024-04-26 21:40:30,0 days 00:41:55
1608,2024-04-26 22:04:18,2024-04-26 23:09:54,0 days 01:05:36
1609,2024-04-27 00:10:24,2024-04-27 02:41:20,0 days 02:30:56
1610,2024-04-27 03:21:40,2024-04-27 04:57:30,0 days 01:35:50
1611,2024-04-27 06:08:10,2024-04-27 07:03:25,0 days 00:55:15
1612,2024-04-27 07:18:30,2024-04-27 07:38:40,0 days 00:20:10
1613,2024-04-27 08:34:10,2024-04-27 09:09:30,0 days 00:35:20
1614,2024-04-27 10:14:51,2024-04-27 10:17:02,0 days 00:02:11
1615,2024-04-27 10:19:51,2024-04-27 10:40:01,0 days 00:20:10
1616,2024-04-27 13:46:32,2024-04-27 14:48:46,0 days 01:02:14
1617,2024-04-27 15:32:17,2024-04-27 18:53:48,0 days 03:21:31
1618,2024-04-27 19:14:03,2024-04-27 19:55:09,0 days 00:41:06
1619,2024-04-27 20:16:02,2024-04-27 20:36:43,0 days 00:20:41
1620,2024-04-27 22:50:44,2024-04-28 00:11:14,0 days 01:20:30
1621,2024-04-28 02:09:49,2024-04-28 04:23:20,0 days 02:13:31
1622,2024-04-28 05:04:30,2024-04-28 05:49:00,0 days 00:44:30
1623,2024-04-28 06:09:00,2024-04-28 06:54:07,0 days 00:45:07
1624,2024-04-28 07:34:36,2024-04-28 09:00:16,0 days 01:25:40
1625,2024-04-28 09:20:21,2024-04-28 09:49:03,0 days 00:28:42
1626,2024-04-28 12:31:51,2024-04-28 12:37:52,0 days 00:06:01
1627,2024-04-28 13:12:16,2024-04-28 13:32:21,0 days 00:20:05
1628,2024-04-28 14:34:33,2024-04-28 15:28:07,0 days 00:53:34
1629,2024-04-28 15:48:22,2024-04-28 18:19:41,0 days 02:31:19
1630,2024-04-29 00:26:16,2024-04-29 00:50:17,0 days 00:24:01
1631,2024-04-29 06:37:51,2024-04-29 07:37:59,0 days 01:00:08
1632,2024-04-29 08:19:50,2024-04-29 09:19:56,0 days 01:00:06
1633,2024-04-29 09:49:59,2024-04-29 09:53:24,0 days 00:03:25
1634,2024-04-29 10:15:01,2024-04-29 10:20:01,0 days 00:05:00
1635,2024-04-29 10:35:03,2024-04-29 10:56:46,0 days 00:21:43
1636,2024-04-29 11:55:11,2024-04-29 12:02:30,0 days 00:07:19
1637,2024-04-29 12:50:16,2024-04-29 13:03:32,0 days 00:13:16
1638,2024-04-29 14:15:24,2024-04-29 14:25:25,0 days 00:10:01
1639,2024-04-29 15:32:13,2024-04-29 15:55:34,0 days 00:23:21
1640,2024-04-29 16:20:19,2024-04-29 17:50:45,0 days 01:30:26
1641,2024-04-29 19:05:52,2024-04-29 19:26:24,0 days 00:20:32
1642,2024-04-29 20:56:03,2024-04-29 21:06:04,0 days 00:10:01
